[
  {
    "username": "anishsharma.r@gmail.com",
    "email": "anishsharma.r@gmail.com",
    "otp": "6878",
    "isOlder": false,
    "male": false,
    "isOnline": false,
    "female": false,
    "reasonTxt": null,
    "isBlock": false,
    "googleId": "104500364725792649294",
    "name": "undefined",
    "imageUrl": "https://lh3.googleusercontent.com/a-/AOh14GhgsM7fOd9cMNjYJ_T3MCzU8ozxu8f4VEWGiuhgnQ=s96-c",
    "socketId": "zijUjb4VySJrGwIBAAC3",
    "isActive": true,
    "isCreate": "2021-02-05T14:06:25.238Z",
    "id": "601d50e1d6d62639faea73ef"
  },
  {
    "username": "murshidvinu@gmail.com",
    "email": "murshidvinu@gmail.com",
    "otp": null,
    "isOlder": false,
    "male": false,
    "isOnline": false,
    "female": false,
    "reasonTxt": null,
    "isBlock": false,
    "googleId": "104369282673628100331",
    "name": "undefined",
    "imageUrl": "https://lh3.googleusercontent.com/a-/AOh14GgZDMX53mlw0jGQNfTPkooTmvVGsmeZ0FZjTj7fBw=s96-c",
    "socketId": "U8BMnA1OUciahcfhAAAt",
    "isActive": false,
    "isCreate": "2021-02-05T14:07:39.357Z",
    "id": "601d512bd6d62639faea73f1"
  },
  {
    "username": "shabeebrahmanam@gmail.com",
    "email": "shabeebrahmanam@gmail.com",
    "otp": null,
    "isOlder": false,
    "male": false,
    "isOnline": false,
    "female": false,
    "reasonTxt": null,
    "isBlock": false,
    "googleId": "101530220632254359161",
    "name": "undefined",
    "imageUrl": "https://lh3.googleusercontent.com/-LnlHxAYMTmk/AAAAAAAAAAI/AAAAAAAAAAA/AMZuucmnf3Ae-5mZ8F9iO43yWB4mCSwZtA/s96-c/photo.jpg",
    "socketId": "G-MkzSmx3RA4EKVJAADx",
    "isActive": false,
    "isCreate": "2021-02-05T15:40:58.786Z",
    "id": "601d670ad6d62639faea740c"
  },
  {
    "username": "rojaravi.apr@gmail.com",
    "email": "rojaravi.apr@gmail.com",
    "otp": null,
    "isOlder": false,
    "male": false,
    "isOnline": false,
    "female": false,
    "reasonTxt": null,
    "isBlock": false,
    "googleId": "110874739248607852306",
    "name": "undefined",
    "imageUrl": "https://lh3.googleusercontent.com/a-/AOh14GiyC3aYTy31ptcU0SR-MR2SJ7K2LoFBVyA8qqw4=s96-c",
    "socketId": "8uXxpQwBoFvAvrd6AAEh",
    "isActive": false,
    "isCreate": "2021-02-05T16:50:43.622Z",
    "id": "601d7763d6d62639faea7414"
  },
  {
    "username": "Aro",
    "email": "a_padmajayan@yahoo.com",
    "otp": null,
    "isOlder": true,
    "male": false,
    "isOnline": false,
    "female": true,
    "reasonTxt": null,
    "isBlock": false,
    "googleId": null,
    "name": null,
    "imageUrl": null,
    "socketId": "inu1XC79nKM8188bAAEj",
    "isActive": false,
    "isCreate": "2021-02-05T16:50:46.438Z",
    "id": "601d7766d6d62639faea7415"
  },
  {
    "username": "paunka@live.com",
    "email": "paunka@live.com",
    "otp": null,
    "isOlder": false,
    "male": false,
    "isOnline": false,
    "female": false,
    "reasonTxt": null,
    "isBlock": false,
    "googleId": "105129256949357582051",
    "name": "undefined",
    "imageUrl": "https://lh3.googleusercontent.com/a-/AOh14GjK1rAKvtU8da91vkL3pkiwRPWDR584628f4mEEdg=s96-c",
    "socketId": "8E44CBoTQXcs8KF3AAF6",
    "isActive": false,
    "isCreate": "2021-02-05T16:53:14.535Z",
    "id": "601d77fad6d62639faea741c"
  },
  {
    "username": "evafashions3932@gmail.com",
    "email": "evafashions3932@gmail.com",
    "otp": null,
    "isOlder": false,
    "male": false,
    "isOnline": false,
    "female": false,
    "reasonTxt": null,
    "isBlock": false,
    "googleId": "105520998880283875989",
    "name": "undefined",
    "imageUrl": "https://lh4.googleusercontent.com/-j7Hm66n7vmg/AAAAAAAAAAI/AAAAAAAAAAA/AMZuucnWnZBTfVvLMRWHu9sK1hVGUvr46A/s96-c/photo.jpg",
    "socketId": "mAQyRuIO27jyBbcHAACA",
    "isActive": false,
    "isCreate": "2021-02-05T17:34:09.569Z",
    "id": "601d8191d6d62639faea7432"
  },
  {
    "username": "ajith.t.2009@gmail.com",
    "email": "ajith.t.2009@gmail.com",
    "otp": "4647",
    "isOlder": false,
    "male": false,
    "isOnline": false,
    "female": false,
    "reasonTxt": null,
    "isBlock": false,
    "googleId": "116404927651425189076",
    "name": "undefined",
    "imageUrl": "https://lh3.googleusercontent.com/a-/AOh14Gju0y1mCUOzhODByuXfPO_xxgkBCuICmk21bU1gaQ=s96-c",
    "socketId": "UP4aOezIJSrlGsniAAC4",
    "isActive": false,
    "isCreate": "2021-02-05T18:55:01.635Z",
    "id": "601d9485d6d62639faea7444"
  },
  {
    "username": "hea375@gmail.com",
    "email": "hea375@gmail.com",
    "otp": null,
    "isOlder": false,
    "male": false,
    "isOnline": false,
    "female": false,
    "reasonTxt": null,
    "isBlock": false,
    "googleId": "110688334004136946089",
    "name": "undefined",
    "imageUrl": "https://lh6.googleusercontent.com/--pvqOXvLYWs/AAAAAAAAAAI/AAAAAAAABCA/AMZuuck_nQBZ4uV86kJgjzFimJ5eB2XpFQ/s96-c/photo.jpg",
    "socketId": "37t_hLV1XhQbvF-cAADC",
    "isActive": false,
    "isCreate": "2021-02-05T19:07:13.397Z",
    "id": "601d9761d6d62639faea7445"
  },
  {
    "username": "shabna685@gmail.com",
    "email": "shabna685@gmail.com",
    "otp": null,
    "isOlder": false,
    "male": false,
    "isOnline": false,
    "female": false,
    "reasonTxt": null,
    "isBlock": false,
    "googleId": "112125424981327486823",
    "name": "undefined",
    "imageUrl": "https://lh3.googleusercontent.com/a-/AOh14GgvjvVMKS0tmddq-9_71Rt-0BjEDahr0hz2SPT8=s96-c",
    "socketId": "MAAEOVOCIptISlP8AAFK",
    "isActive": false,
    "isCreate": "2021-02-06T13:27:21.730Z",
    "id": "601e9939d6d62639faea744b"
  },
  {
    "username": "mubiaishabintmoideen@gmail.com",
    "email": "mubiaishabintmoideen@gmail.com",
    "otp": null,
    "isOlder": false,
    "male": false,
    "isOnline": false,
    "female": false,
    "reasonTxt": null,
    "isBlock": false,
    "googleId": "117336140493521578155",
    "name": "undefined",
    "imageUrl": "https://lh3.googleusercontent.com/a-/AOh14Gg8JH7ism0Iv4LISD4a0-sTfstFxrqbni8HHhnn=s96-c",
    "socketId": "FKlqZNz2IKyjFlWsAAFM",
    "isActive": false,
    "isCreate": "2021-02-07T05:55:51.613Z",
    "id": "601f80e7d6d62639faea744c"
  },
  {
    "username": "angelajeffin@gmail.com",
    "email": "angelajeffin@gmail.com",
    "otp": null,
    "isOlder": false,
    "male": false,
    "isOnline": false,
    "female": false,
    "reasonTxt": null,
    "isBlock": false,
    "googleId": "111589346606434139743",
    "name": "undefined",
    "imageUrl": "https://lh3.googleusercontent.com/-S0ccSNXmmO4/AAAAAAAAAAI/AAAAAAAAAAA/AMZuuclMZeaTQbpHhKzvdK8X02MVZ6XMCA/s96-c/photo.jpg",
    "socketId": "zuyjT6Z5DZ9c0mAWAACZ",
    "isActive": false,
    "isCreate": "2021-02-07T13:12:51.957Z",
    "id": "601fe753d6d62639faea744d"
  },
  {
    "username": "suhas.vairat@gmail.com",
    "email": "suhas.vairat@gmail.com",
    "otp": null,
    "isOlder": false,
    "male": false,
    "isOnline": false,
    "female": false,
    "reasonTxt": null,
    "isBlock": false,
    "googleId": "101455735565735189903",
    "name": "undefined",
    "imageUrl": "https://lh5.googleusercontent.com/-hEUENNCMy94/AAAAAAAAAAI/AAAAAAAAAAA/AMZuucm44X9MArb5Lm9ThoQZG4iDdVnmEQ/s96-c/photo.jpg",
    "socketId": "tU4yfc9yfCFijaRyAADk",
    "isActive": false,
    "isCreate": "2021-02-10T11:57:04.986Z",
    "id": "6023ca10d6d62639faea7453"
  },
  {
    "username": "sagarbhor570@gmail.com",
    "email": "sagarbhor570@gmail.com",
    "otp": null,
    "isOlder": false,
    "male": false,
    "isOnline": false,
    "female": false,
    "reasonTxt": null,
    "isBlock": false,
    "googleId": "112155346512593444680",
    "name": "undefined",
    "imageUrl": "https://lh3.googleusercontent.com/-L3wyYCrQoDo/AAAAAAAAAAI/AAAAAAAAAAA/AMZuuck6cAS86gWNuiRcjDKzu1PGPSHfNg/s96-c/photo.jpg",
    "socketId": "iv75sIXhQ4ug_iiYAAAJ",
    "isActive": false,
    "isCreate": "2021-02-10T15:31:21.539Z",
    "id": "6023fc49d6d62639faea7454"
  },
  {
    "username": "murshid_1",
    "email": "murshid1@mailinator.com",
    "otp": null,
    "isOlder": true,
    "male": true,
    "isOnline": false,
    "female": false,
    "reasonTxt": null,
    "isBlock": false,
    "googleId": null,
    "name": null,
    "imageUrl": null,
    "socketId": "J6W6bMwp8E79xcitAAAm",
    "isActive": false,
    "isCreate": "2021-02-12T18:26:52.625Z",
    "id": "6026c86c1a94190cfd2ab304"
  },
  {
    "username": "murshid_11",
    "email": "murshid@mailinator.com",
    "otp": "7233",
    "isOlder": true,
    "male": true,
    "isOnline": false,
    "female": false,
    "reasonTxt": null,
    "isBlock": false,
    "googleId": null,
    "name": null,
    "imageUrl": null,
    "socketId": "qsXCHmNAy_cc8WXtAAB7",
    "isActive": true,
    "isCreate": "2021-02-13T10:39:07.854Z",
    "id": "6027ac4be42e90525911c46a"
  },
  {
    "username": "ajith1.official@gmail.com",
    "email": "ajith1.official@gmail.com",
    "otp": "5977",
    "isOlder": false,
    "male": false,
    "isOnline": false,
    "female": false,
    "reasonTxt": null,
    "isBlock": false,
    "googleId": "111208679054176459016",
    "name": "undefined",
    "imageUrl": "https://lh3.googleusercontent.com/-xGmEd-_5XnY/AAAAAAAAAAI/AAAAAAAAAAA/AMZuuclRssK8tGc3h_gYYOaldUf6qo1low/s96-c/photo.jpg",
    "socketId": "7Ml-BzvtHq2Kr5pJAAD7",
    "isActive": false,
    "isCreate": "2021-02-14T04:04:32.819Z",
    "id": "6028a1500b118227fca89d45"
  },
  {
    "username": "murshidk824@gmail.com",
    "email": "murshidk824@gmail.com",
    "otp": null,
    "isOlder": false,
    "male": false,
    "isOnline": false,
    "female": false,
    "reasonTxt": null,
    "isBlock": false,
    "googleId": "113945382906427174918",
    "name": "undefined",
    "imageUrl": "https://lh6.googleusercontent.com/-FYkJmqTaGkM/AAAAAAAAAAI/AAAAAAAAAAA/AMZuucm9e0X67sU0fayrQWCVWAsF3GamBw/s96-c/photo.jpg",
    "socketId": "SlF8SqRsv5T44CtCAAAb",
    "isActive": false,
    "isCreate": "2021-02-15T14:04:36.790Z",
    "id": "602a7f744877615c84fb7f57"
  },
  {
    "username": "ben.j77@gmail.com",
    "email": "ben.j77@gmail.com",
    "otp": null,
    "isOlder": false,
    "male": false,
    "isOnline": false,
    "female": false,
    "reasonTxt": null,
    "isBlock": false,
    "googleId": "118088191692612746238",
    "name": "undefined",
    "imageUrl": "https://lh6.googleusercontent.com/-rSEtwlTTvCc/AAAAAAAAAAI/AAAAAAAAAAA/AMZuuckwfNTMOUosgxZ0OGCaTqsw1H72ag/s96-c/photo.jpg",
    "socketId": "3lupmUm5d_uS7jtmAABQ",
    "isActive": false,
    "isCreate": "2021-02-16T12:16:45.193Z",
    "id": "602bb7ad19f078644abe9318"
  },
  {
    "username": "janibamca@gmail.com",
    "email": "janibamca@gmail.com",
    "otp": null,
    "isOlder": false,
    "male": false,
    "isOnline": false,
    "female": false,
    "reasonTxt": null,
    "isBlock": false,
    "googleId": "101909198443146674920",
    "name": "undefined",
    "imageUrl": "https://lh5.googleusercontent.com/-uInS-Hgr-ds/AAAAAAAAAAI/AAAAAAAAAAA/AMZuuclyrIf3t1aI_5N-cIZaeikWJl0QQw/s96-c/photo.jpg",
    "socketId": "vALb3SWb6CCAp78KAAB-",
    "isActive": false,
    "isCreate": "2021-02-17T13:08:18.102Z",
    "id": "602d154219f078644abe9370"
  },
  {
    "username": "aro.padmajayan@gmail.com",
    "email": "aro.padmajayan@gmail.com",
    "otp": null,
    "isOlder": false,
    "male": false,
    "isOnline": false,
    "female": false,
    "reasonTxt": null,
    "isBlock": false,
    "googleId": "100233228006156896464",
    "name": "undefined",
    "imageUrl": "https://lh3.googleusercontent.com/-kMJpxXJHFQo/AAAAAAAAAAI/AAAAAAAAAAA/AMZuuclriT_blwsbHBwuop2RZ9ScTycGCQ/s96-c/photo.jpg",
    "socketId": "aLAoSJ5ygqGE8talAAAa",
    "isActive": false,
    "isCreate": "2021-03-11T07:47:00.431Z",
    "id": "6049caf42d78cd4cddb7bcfc"
  },
  {
    "username": "adwaitmanoj02@gmail.com",
    "email": "adwaitmanoj02@gmail.com",
    "otp": null,
    "isOlder": false,
    "male": false,
    "isOnline": false,
    "female": false,
    "reasonTxt": null,
    "isBlock": false,
    "googleId": "114799667635485168916",
    "name": "undefined",
    "imageUrl": "https://lh3.googleusercontent.com/a-/AOh14GjzDgXG-K6Y17liX3feroJHTZ_siA9w2kGRXWGpkA=s96-c",
    "socketId": "Z1QGhYQFdjOj8__XAACh",
    "isActive": false,
    "isCreate": "2021-03-25T03:17:41.561Z",
    "id": "605c00d52d78cd4cddb7bd12"
  },
  {
    "username": "sjffjdshs",
    "email": "dgd@gmsil.com",
    "otp": null,
    "isOlder": true,
    "male": true,
    "isOnline": false,
    "female": false,
    "reasonTxt": null,
    "isBlock": false,
    "googleId": null,
    "name": null,
    "imageUrl": null,
    "isActive": false,
    "isCreate": "2021-03-25T03:18:53.791Z",
    "id": "605c011d2d78cd4cddb7bd13"
  },
  {
    "username": "abcd",
    "email": "abc@mailinator.com",
    "otp": null,
    "isOlder": true,
    "male": false,
    "isOnline": false,
    "female": true,
    "reasonTxt": null,
    "isBlock": false,
    "googleId": null,
    "name": null,
    "imageUrl": null,
    "isActive": false,
    "isCreate": "2021-04-11T10:02:24.858Z",
    "id": "6072c930668f7579b1650f1b"
  },
  {
    "username": "murshidk_1",
    "email": "murshidk_1@mailinator.com",
    "otp": "9866",
    "isOlder": true,
    "male": false,
    "isOnline": true,
    "female": true,
    "reasonTxt": null,
    "isBlock": false,
    "googleId": null,
    "name": null,
    "imageUrl": null,
    "socketId": "hbo3-2OcFHShUrTaAADE",
    "isActive": true,
    "isCreate": "2021-04-11T11:09:45.938Z",
    "id": "6072d8f932c9157e9717f332"
  },
  {
    "username": "murshidk_2",
    "email": "murshidk_2@mailinator.com",
    "otp": "3134",
    "isOlder": true,
    "male": false,
    "isOnline": false,
    "female": true,
    "reasonTxt": null,
    "isBlock": false,
    "googleId": null,
    "name": null,
    "imageUrl": null,
    "isActive": false,
    "isCreate": "2021-04-11T11:35:36.545Z",
    "id": "6072df08fe864b013418c905"
  },
  {
    "username": "zac",
    "email": "zac@gmaill.com",
    "otp": null,
    "isOlder": true,
    "male": false,
    "isOnline": false,
    "female": true,
    "reasonTxt": null,
    "isBlock": false,
    "googleId": null,
    "name": null,
    "imageUrl": null,
    "isActive": false,
    "isCreate": "2021-04-11T15:59:36.648Z",
    "id": "60731ce8ce14f20e28f9b79e"
  },
  {
    "username": "ajith",
    "email": "ajith1.officiahl@gmail.com",
    "otp": null,
    "isOlder": true,
    "male": false,
    "isOnline": false,
    "female": true,
    "reasonTxt": null,
    "isBlock": false,
    "googleId": null,
    "name": null,
    "imageUrl": null,
    "isActive": false,
    "isCreate": "2021-04-12T06:00:25.667Z",
    "id": "6073e1f9ce14f20e28f9b79f"
  }
]