[
  {
    "isCreate": "2021-02-16T05:14:50.146Z",
    "id": "602b54ca19f078644abe92a1",
    "customerId": "601d512bd6d62639faea73f1"
  },
  {
    "isCreate": "2021-02-16T05:14:50.147Z",
    "id": "602b54ca19f078644abe92a2",
    "customerId": "6027ac4be42e90525911c46a"
  },
  {
    "isCreate": "2021-02-16T05:18:28.410Z",
    "id": "602b55a419f078644abe92b3",
    "customerId": "601d9761d6d62639faea7445"
  },
  {
    "isCreate": "2021-02-16T08:24:30.506Z",
    "id": "602b813e19f078644abe92ca",
    "customerId": "601d50e1d6d62639faea73ef"
  },
  {
    "isCreate": "2021-02-16T08:24:30.510Z",
    "id": "602b813e19f078644abe92cb",
    "customerId": "602a7f744877615c84fb7f57"
  },
  {
    "isCreate": "2021-02-16T11:32:19.870Z",
    "id": "602bad4319f078644abe92f5",
    "customerId": "601d9485d6d62639faea7444"
  },
  {
    "isCreate": "2021-02-16T11:32:19.870Z",
    "id": "602bad4319f078644abe92f6",
    "customerId": "6028a1500b118227fca89d45"
  },
  {
    "isCreate": "2021-02-16T12:05:08.940Z",
    "id": "602bb4f419f078644abe930a",
    "customerId": "601fe753d6d62639faea744d"
  },
  {
    "isCreate": "2021-02-16T12:08:48.092Z",
    "id": "602bb5d019f078644abe9311",
    "customerId": "601d77fad6d62639faea741c"
  },
  {
    "isCreate": "2021-02-16T12:17:28.157Z",
    "id": "602bb7d819f078644abe9319",
    "customerId": "602bb7ad19f078644abe9318"
  },
  {
    "isCreate": "2021-02-17T13:09:14.220Z",
    "id": "602d157a19f078644abe9371",
    "customerId": "602d154219f078644abe9370"
  },
  {
    "isCreate": "2021-03-25T03:16:25.466Z",
    "id": "605c00892d78cd4cddb7bd0c",
    "customerId": "5f8d7c859b04e52109344c1b"
  },
  {
    "isCreate": "2021-03-25T03:16:25.469Z",
    "id": "605c00892d78cd4cddb7bd0d",
    "customerId": "601d7766d6d62639faea7415"
  }
]