[
  {
    "name": "Submit an Article",
    "_name": "Submit_an_Article",
    "isCreate": "2020-10-12T16:07:10.838Z",
    "id": "5f847f2ede02100f27975caa"
  },
  {
    "name": "Submit a Picture/art",
    "_name": "Submit_a_Picture/art",
    "isCreate": "2020-10-12T16:07:10.848Z",
    "id": "5f847f2ede02100f27975cab"
  },
  {
    "name": "Ask a Question",
    "_name": "Ask_a_Question",
    "isCreate": "2020-10-12T16:07:10.849Z",
    "id": "5f847f2ede02100f27975cac"
  },
  {
    "name": "Leave a Feedback",
    "_name": "Leave_a_Feedback",
    "isCreate": "2020-10-12T16:07:10.851Z",
    "id": "5f847f2ede02100f27975cad"
  },
  {
    "name": "Report an abuse",
    "_name": "Report_an_abuse",
    "isCreate": "2020-10-12T16:07:10.851Z",
    "id": "5f847f2ede02100f27975cae"
  },
  {
    "name": "Others",
    "_name": "Others",
    "isCreate": "2020-10-12T16:07:10.852Z",
    "id": "5f847f2ede02100f27975caf"
  }
]