[
  {
    "date": "2020-10-02T22:25:51.157Z",
    "dateTxt": "02-10-2020",
    "dateNo": 2,
    "month": 10,
    "year": 2020,
    "time": "10:25 pm",
    "status": "new",
    "command": "Nice",
    "isCreate": "2020-10-02T16:55:51.158Z",
    "id": "5f775b976685fe5d876c7cfa",
    "forumId": "5f6a4aca061799085b220f0f",
    "customerId": "5f774f5e9ec2c559ef8a3eb9"
  },
  {
    "date": "2020-10-02T23:25:32.112Z",
    "dateTxt": "02-10-2020",
    "dateNo": 2,
    "month": 10,
    "year": 2020,
    "time": "11:25 pm",
    "status": "new",
    "command": "Test",
    "isCreate": "2020-10-02T17:55:32.113Z",
    "id": "5f77699445b6716512735d3d",
    "forumId": "5f6a4aca061799085b220f0f",
    "customerId": "5f774f5e9ec2c559ef8a3eb9"
  },
  {
    "date": "2020-10-03T00:17:27.885Z",
    "dateTxt": "03-10-2020",
    "dateNo": 3,
    "month": 10,
    "year": 2020,
    "time": "12:17 am",
    "status": "new",
    "command": "Great ",
    "isCreate": "2020-10-02T18:47:27.886Z",
    "id": "5f7775bf09e044691cb6da52",
    "forumId": "5f6a4aca061799085b220f0f",
    "customerId": "5f7773a309e044691cb6da4f"
  },
  {
    "date": "2020-10-07T23:13:40.800Z",
    "dateTxt": "07-10-2020",
    "dateNo": 7,
    "month": 10,
    "year": 2020,
    "time": "11:13 pm",
    "status": "new",
    "command": "Test",
    "isCreate": "2020-10-07T17:43:40.800Z",
    "id": "5f7dfe4ce720f00e0694e1c6",
    "forumId": "5f6a4aca061799085b220f0f",
    "customerId": "5f774f5e9ec2c559ef8a3eb9"
  },
  {
    "date": "2020-10-08T09:47:03.073Z",
    "dateTxt": "08-10-2020",
    "dateNo": 8,
    "month": 10,
    "year": 2020,
    "time": "09:47 am",
    "status": "new",
    "command": "Hello",
    "isCreate": "2020-10-08T04:17:03.073Z",
    "id": "5f7e92bfe720f00e0694e1cb",
    "forumId": "5f6a4aca061799085b220f0f",
    "customerId": "5f7cae21e720f00e0694e1c0"
  },
  {
    "date": "2020-10-11T11:31:20.680Z",
    "dateTxt": "11-10-2020",
    "dateNo": 11,
    "month": 10,
    "year": 2020,
    "time": "11:31 am",
    "status": "new",
    "command": "Testing",
    "isCreate": "2020-10-11T06:01:20.681Z",
    "id": "5f829fb0f332f53ce694af0d",
    "forumId": "5f6a4aca061799085b220f0f",
    "customerId": "5f7ae495f6a33a23de4dd514"
  },
  {
    "date": "2020-10-11T13:11:27.923Z",
    "dateTxt": "11-10-2020",
    "dateNo": 11,
    "month": 10,
    "year": 2020,
    "time": "01:11 pm",
    "status": "new",
    "command": "Hi",
    "isCreate": "2020-10-11T07:41:27.924Z",
    "id": "5f82b727f332f53ce694af0f",
    "forumId": "5f6a4aca061799085b220f0f",
    "customerId": "5f7cae21e720f00e0694e1c0"
  },
  {
    "date": "2020-10-14T09:43:15.911Z",
    "dateTxt": "14-10-2020",
    "dateNo": 14,
    "month": 10,
    "year": 2020,
    "time": "09:43 am",
    "status": "new",
    "command": "We can't see number of comments. ",
    "isCreate": "2020-10-14T04:13:15.912Z",
    "id": "5f867adb9b04e52109344c1a",
    "forumId": "5f6a4aca061799085b220f0f",
    "customerId": "5f7cae21e720f00e0694e1c0"
  },
  {
    "date": "2020-10-23T22:20:56.783Z",
    "dateTxt": "23-10-2020",
    "dateNo": 23,
    "month": 10,
    "year": 2020,
    "time": "10:20 pm",
    "status": "new",
    "command": "Test",
    "isCreate": "2020-10-23T16:50:56.783Z",
    "id": "5f9309f08177a0057c1f7f22",
    "forumId": "5f6a4aca061799085b220f0f",
    "customerId": "5f7765def89a4b6247d2e864"
  },
  {
    "date": "2020-10-24T12:06:28.986Z",
    "dateTxt": "24-10-2020",
    "dateNo": 24,
    "month": 10,
    "year": 2020,
    "time": "12:06 pm",
    "status": "new",
    "command": "test",
    "isCreate": "2020-10-24T06:36:28.986Z",
    "id": "5f93cb6c8177a0057c1f7f2e",
    "forumId": "5f92c0b38177a0057c1f7f1e",
    "customerId": "5f92c64c8177a0057c1f7f1f"
  },
  {
    "date": "2020-10-24T12:07:37.982Z",
    "dateTxt": "24-10-2020",
    "dateNo": 24,
    "month": 10,
    "year": 2020,
    "time": "12:07 pm",
    "status": "new",
    "command": "test",
    "isCreate": "2020-10-24T06:37:37.982Z",
    "id": "5f93cbb18177a0057c1f7f2f",
    "forumId": "5f92c0b38177a0057c1f7f1e",
    "customerId": "5f92c64c8177a0057c1f7f1f"
  },
  {
    "date": "2020-10-24T12:09:30.238Z",
    "dateTxt": "24-10-2020",
    "dateNo": 24,
    "month": 10,
    "year": 2020,
    "time": "12:09 pm",
    "status": "new",
    "command": "Test comment",
    "isCreate": "2020-10-24T06:39:30.238Z",
    "id": "5f93cc228177a0057c1f7f31",
    "forumId": "5f92c0b38177a0057c1f7f1e",
    "customerId": "5f930ffb8177a0057c1f7f2a"
  },
  {
    "date": "2020-10-24T12:19:55.913Z",
    "dateTxt": "24-10-2020",
    "dateNo": 24,
    "month": 10,
    "year": 2020,
    "time": "12:19 pm",
    "status": "new",
    "command": "test",
    "isCreate": "2020-10-24T06:49:55.914Z",
    "id": "5f93ce938177a0057c1f7f33",
    "forumId": "5f92c0b38177a0057c1f7f1e",
    "customerId": "5f930ffb8177a0057c1f7f2a"
  },
  {
    "date": "2020-10-24T19:00:30.394Z",
    "dateTxt": "24-10-2020",
    "dateNo": 24,
    "month": 10,
    "year": 2020,
    "time": "07:00 pm",
    "status": "new",
    "command": "Hello. ",
    "isCreate": "2020-10-24T13:30:30.395Z",
    "id": "5f942c768177a0057c1f7f3f",
    "forumId": "5f7e0341e720f00e0694e1c8",
    "customerId": "5f7cae21e720f00e0694e1c0"
  },
  {
    "date": "2020-10-29T17:45:16.372Z",
    "dateTxt": "29-10-2020",
    "dateNo": 29,
    "month": 10,
    "year": 2020,
    "time": "05:45 pm",
    "status": "new",
    "command": "Test",
    "isCreate": "2020-10-29T12:15:16.373Z",
    "id": "5f9ab2545177085bc4b83bb6",
    "forumId": "5f9404f28177a0057c1f7f39",
    "customerId": "5f92c64c8177a0057c1f7f1f"
  },
  {
    "date": "2020-10-29T17:54:46.152Z",
    "dateTxt": "29-10-2020",
    "dateNo": 29,
    "month": 10,
    "year": 2020,
    "time": "05:54 pm",
    "status": "new",
    "command": "test",
    "isCreate": "2020-10-29T12:24:46.155Z",
    "id": "5f9ab48e105dca5d971190b2",
    "forumId": "5f9403e78177a0057c1f7f36",
    "customerId": "5f92c64c8177a0057c1f7f1f"
  },
  {
    "date": "2020-10-29T20:01:29.574Z",
    "dateTxt": "29-10-2020",
    "dateNo": 29,
    "month": 10,
    "year": 2020,
    "time": "08:01 pm",
    "status": "new",
    "command": "Hi",
    "isCreate": "2020-10-29T14:31:29.574Z",
    "id": "5f9ad241105dca5d971190b8",
    "forumId": "5f92c0b38177a0057c1f7f1e",
    "customerId": "5f7cae21e720f00e0694e1c0"
  },
  {
    "date": "2020-10-30T11:41:19.337Z",
    "dateTxt": "30-10-2020",
    "dateNo": 30,
    "month": 10,
    "year": 2020,
    "time": "11:41 am",
    "status": "new",
    "command": "Hello",
    "isCreate": "2020-10-30T06:11:19.337Z",
    "id": "5f9bae87105dca5d971190ba",
    "forumId": "5f96be0b8177a0057c1f7f53",
    "customerId": "5f7cae21e720f00e0694e1c0"
  },
  {
    "date": "2020-10-30T12:00:19.048Z",
    "dateTxt": "30-10-2020",
    "dateNo": 30,
    "month": 10,
    "year": 2020,
    "time": "12:00 pm",
    "status": "new",
    "command": "Hello everyone! ",
    "isCreate": "2020-10-30T06:30:19.048Z",
    "id": "5f9bb2fb105dca5d971190bd",
    "forumId": "5f9bb2e3105dca5d971190bc",
    "customerId": "5f7cae21e720f00e0694e1c0"
  },
  {
    "date": "2020-10-30T12:19:07.323Z",
    "dateTxt": "30-10-2020",
    "dateNo": 30,
    "month": 10,
    "year": 2020,
    "time": "12:19 pm",
    "status": "new",
    "command": "Hello",
    "isCreate": "2020-10-30T06:49:07.324Z",
    "id": "5f9bb763105dca5d971190bf",
    "forumId": "5f9ad1e7105dca5d971190b7",
    "customerId": "5f7cae21e720f00e0694e1c0"
  },
  {
    "date": "2020-10-30T12:19:35.234Z",
    "dateTxt": "30-10-2020",
    "dateNo": 30,
    "month": 10,
    "year": 2020,
    "time": "12:19 pm",
    "status": "new",
    "command": "Hello",
    "isCreate": "2020-10-30T06:49:35.235Z",
    "id": "5f9bb77f105dca5d971190c0",
    "forumId": "5f96be0b8177a0057c1f7f53",
    "customerId": "5f7cae21e720f00e0694e1c0"
  },
  {
    "date": "2020-10-30T12:19:46.162Z",
    "dateTxt": "30-10-2020",
    "dateNo": 30,
    "month": 10,
    "year": 2020,
    "time": "12:19 pm",
    "status": "new",
    "command": "Hi",
    "isCreate": "2020-10-30T06:49:46.162Z",
    "id": "5f9bb78a105dca5d971190c1",
    "forumId": "5f96be0b8177a0057c1f7f53",
    "customerId": "5f7d33e5e720f00e0694e1c3"
  },
  {
    "date": "2021-01-17T16:27:00.576Z",
    "dateTxt": "17-01-2021",
    "dateNo": 17,
    "month": 1,
    "year": 2021,
    "time": "04:27 pm",
    "status": "new",
    "command": "Hi",
    "isCreate": "2021-01-17T10:57:00.577Z",
    "id": "600417fc34621552729e24d0",
    "forumId": "5fa77fca1ea3d45f299018ca",
    "customerId": "600410eb34621552729e24cf"
  },
  {
    "date": "2021-01-17T18:36:12.230Z",
    "dateTxt": "17-01-2021",
    "dateNo": 17,
    "month": 1,
    "year": 2021,
    "time": "06:36 pm",
    "status": "new",
    "command": "Hello",
    "isCreate": "2021-01-17T13:06:12.231Z",
    "id": "6004364434621552729e24d2",
    "forumId": "5fa7846d1ea3d45f299018ce",
    "customerId": "600410eb34621552729e24cf"
  },
  {
    "date": "2021-02-09T14:05:55.325Z",
    "dateTxt": "09-02-2021",
    "dateNo": 9,
    "month": 2,
    "year": 2021,
    "time": "02:05 pm",
    "status": "new",
    "command": "Hello",
    "isCreate": "2021-02-09T08:35:55.326Z",
    "id": "6022496bd6d62639faea744e",
    "forumId": "5fa77fca1ea3d45f299018ca",
    "customerId": "601d9761d6d62639faea7445"
  },
  {
    "date": "2021-03-08T01:33:16.121Z",
    "dateTxt": "08-03-2021",
    "dateNo": 8,
    "month": 3,
    "year": 2021,
    "time": "01:33 am",
    "status": "new",
    "command": "Hhi",
    "isCreate": "2021-03-07T20:03:16.122Z",
    "id": "6045318466d38601cbca22a0",
    "forumId": "5fa785d41ea3d45f299018d0",
    "customerId": "6028a1500b118227fca89d45"
  },
  {
    "date": "2021-03-08T14:52:49.687Z",
    "dateTxt": "08-03-2021",
    "dateNo": 8,
    "month": 3,
    "year": 2021,
    "time": "02:52 pm",
    "status": "new",
    "command": "Hhii",
    "isCreate": "2021-03-08T09:22:49.687Z",
    "id": "6045ece966d38601cbca22a2",
    "forumId": "5fa7875a1ea3d45f299018d2",
    "customerId": "6028a1500b118227fca89d45"
  },
  {
    "date": "2021-03-10T22:41:57.560Z",
    "dateTxt": "10-03-2021",
    "dateNo": 10,
    "month": 3,
    "year": 2021,
    "time": "10:41 pm",
    "status": "new",
    "command": "hi",
    "isCreate": "2021-03-10T17:11:57.560Z",
    "id": "6048fddd1de5fb49e0fcfe0e",
    "forumId": "5fa781f51ea3d45f299018cb",
    "customerId": "602a7f744877615c84fb7f57"
  },
  {
    "date": "2021-03-12T12:30:28.304Z",
    "dateTxt": "12-03-2021",
    "dateNo": 12,
    "month": 3,
    "year": 2021,
    "time": "12:30 pm",
    "status": "new",
    "command": "Hi",
    "isCreate": "2021-03-12T07:00:28.304Z",
    "id": "604b118c2d78cd4cddb7bcfe",
    "forumId": "5fa785431ea3d45f299018cf",
    "customerId": "601d9485d6d62639faea7444"
  },
  {
    "date": "2021-03-18T17:57:51.698Z",
    "dateTxt": "18-03-2021",
    "dateNo": 18,
    "month": 3,
    "year": 2021,
    "time": "05:57 pm",
    "status": "new",
    "command": "Hi",
    "isCreate": "2021-03-18T12:27:51.699Z",
    "id": "605347472d78cd4cddb7bd08",
    "forumId": "5fa781f51ea3d45f299018cb",
    "customerId": "601d9485d6d62639faea7444"
  },
  {
    "date": "2021-03-18T17:58:14.374Z",
    "dateTxt": "18-03-2021",
    "dateNo": 18,
    "month": 3,
    "year": 2021,
    "time": "05:58 pm",
    "status": "new",
    "command": "Test",
    "isCreate": "2021-03-18T12:28:14.374Z",
    "id": "6053475e2d78cd4cddb7bd09",
    "forumId": "5fa785431ea3d45f299018cf",
    "customerId": "601d9485d6d62639faea7444"
  },
  {
    "date": "2021-04-11T20:28:09.323Z",
    "dateTxt": "11-04-2021",
    "dateNo": 11,
    "month": 4,
    "year": 2021,
    "time": "08:28 pm",
    "status": "new",
    "command": "Test",
    "isCreate": "2021-04-11T14:58:09.324Z",
    "id": "60730e81d5b371026e1b5f45",
    "forumId": "5fa7846d1ea3d45f299018ce",
    "customerId": "601d50e1d6d62639faea73ef"
  },
  {
    "date": "2021-04-11T20:28:19.143Z",
    "dateTxt": "11-04-2021",
    "dateNo": 11,
    "month": 4,
    "year": 2021,
    "time": "08:28 pm",
    "status": "new",
    "command": "Test",
    "isCreate": "2021-04-11T14:58:19.143Z",
    "id": "60730e8bd5b371026e1b5f46",
    "forumId": "5fa7846d1ea3d45f299018ce",
    "customerId": "601d50e1d6d62639faea73ef"
  }
]