[
  {
    "acceptTime": "10:44 am",
    "acceptDateFormat": "16/02/2021",
    "acceptDate": "2021-02-16T00:00:00.000Z",
    "isPrivate": true,
    "isAccepted": true,
    "isCreate": "2021-02-16T05:14:37.060Z",
    "id": "602b54bd19f078644abe92a0",
    "requestId": "601d512bd6d62639faea73f1",
    "acceptId": "6027ac4be42e90525911c46a",
    "date": "2021-02-16T00:00:00.000Z",
    "dateFormat": "16/02/2021",
    "time": "10:44 am"
  },
  {
    "acceptTime": "04:13 pm",
    "acceptDateFormat": "16/02/2021",
    "acceptDate": "2021-02-16T00:00:00.000Z",
    "isPrivate": true,
    "isAccepted": true,
    "isCreate": "2021-02-16T08:26:15.438Z",
    "id": "602b81a719f078644abe92d4",
    "requestId": "602bb7ad19f078644abe9318",
    "acceptId": "602a7f744877615c84fb7f57",
    "date": "2021-03-12T00:00:00.000Z",
    "dateFormat": "12/03/2021",
    "time": "05:28 pm"
  },
  {
    "acceptTime": "04:13 pm",
    "acceptDateFormat": "16/02/2021",
    "acceptDate": "2021-02-16T00:00:00.000Z",
    "isPrivate": true,
    "isAccepted": true,
    "isCreate": "2021-02-16T10:43:19.955Z",
    "id": "602ba1c719f078644abe92d5",
    "requestId": "602d154219f078644abe9370",
    "acceptId": "601d50e1d6d62639faea73ef",
    "date": "2021-02-17T00:00:00.000Z",
    "dateFormat": "17/02/2021",
    "time": "06:40 pm"
  },
  {
    "acceptTime": "05:02 pm",
    "acceptDateFormat": "16/02/2021",
    "acceptDate": "2021-02-16T00:00:00.000Z",
    "isPrivate": true,
    "isAccepted": true,
    "isCreate": "2021-02-16T11:32:04.517Z",
    "id": "602bad3419f078644abe92f4",
    "requestId": "601d9485d6d62639faea7444",
    "acceptId": "6028a1500b118227fca89d45",
    "date": "2021-02-16T00:00:00.000Z",
    "dateFormat": "16/02/2021",
    "time": "05:02 pm"
  },
  {
    "isPrivate": true,
    "isAccepted": false,
    "isCreate": "2021-02-16T12:02:53.803Z",
    "id": "602bb46d19f078644abe9309",
    "requestId": "601d9761d6d62639faea7445",
    "acceptId": "601fe753d6d62639faea744d",
    "date": "2021-03-10T00:00:00.000Z",
    "dateFormat": "10/03/2021",
    "time": "03:49 pm"
  },
  {
    "acceptTime": "06:22 pm",
    "acceptDateFormat": "16/02/2021",
    "acceptDate": "2021-02-16T00:00:00.000Z",
    "isPrivate": true,
    "isAccepted": true,
    "isCreate": "2021-02-16T12:18:21.935Z",
    "id": "602bb80d19f078644abe9320",
    "requestId": "601d9761d6d62639faea7445",
    "acceptId": "602bb7ad19f078644abe9318",
    "date": "2021-02-16T00:00:00.000Z",
    "dateFormat": "16/02/2021",
    "time": "05:48 pm"
  },
  {
    "acceptTime": "06:07 pm",
    "acceptDateFormat": "16/02/2021",
    "acceptDate": "2021-02-16T00:00:00.000Z",
    "isPrivate": true,
    "isAccepted": true,
    "isCreate": "2021-02-16T12:23:18.732Z",
    "id": "602bb93619f078644abe9347",
    "requestId": "6028a1500b118227fca89d45",
    "acceptId": "601d9761d6d62639faea7445",
    "date": "2021-02-17T00:00:00.000Z",
    "dateFormat": "17/02/2021",
    "time": "12:54 pm"
  },
  {
    "isPrivate": true,
    "isAccepted": false,
    "isCreate": "2021-03-25T03:16:12.723Z",
    "id": "605c007c2d78cd4cddb7bd0b",
    "requestId": "5f8d7c859b04e52109344c1b",
    "acceptId": "601d7766d6d62639faea7415",
    "date": "2021-03-25T00:00:00.000Z",
    "dateFormat": "25/03/2021",
    "time": "08:46 am"
  }
]