[
  {
    "name": "Test grp 1",
    "time_order": 1618152306874,
    "isCreate": "2021-02-16T05:15:05.593Z",
    "id": "602b54d919f078644abe92a5"
  },
  {
    "name": "Chat grp 2",
    "time_order": 1613453017706,
    "isCreate": "2021-02-16T05:18:28.956Z",
    "id": "602b55a419f078644abe92b8"
  },
  {
    "name": "test",
    "time_order": 1618152263441,
    "isCreate": "2021-02-16T10:45:19.934Z",
    "id": "602ba23f19f078644abe92da"
  },
  {
    "name": "test grp 6",
    "isCreate": "2021-02-16T10:46:43.223Z",
    "id": "602ba29319f078644abe92df"
  },
  {
    "name": "groupa1",
    "time_order": 1613475249082,
    "isCreate": "2021-02-16T11:33:57.194Z",
    "id": "602bada519f078644abe92fd"
  },
  {
    "name": "Friends ",
    "time_order": 1615371679338,
    "isCreate": "2021-03-10T10:18:40.703Z",
    "id": "60489d0066d38601cbca22df"
  },
  {
    "name": "test",
    "time_order": 1615532485162,
    "isCreate": "2021-03-12T07:01:12.282Z",
    "id": "604b11b82d78cd4cddb7bcff"
  }
]