[
  {
    "date": "2021-02-16T00:00:00.000Z",
    "dateFormat": "16/02/2021",
    "time": "10:49 am",
    "msg": "hi",
    "uuid": "40980021-b371-4e9a-b7f1-8b73116bf602",
    "time_order": 1613452751571,
    "isCreate": "2021-02-16T05:19:11.571Z",
    "id": "602b55cf19f078644abe92bf",
    "groupsId": "602b55a419f078644abe92b8",
    "senderId": "601d512bd6d62639faea73f1"
  },
  {
    "date": "2021-02-16T00:00:00.000Z",
    "dateFormat": "16/02/2021",
    "time": "10:50 am",
    "msg": "hey",
    "uuid": "24a69956-7444-4f5e-98eb-92c9cb203b70",
    "time_order": 1613452804003,
    "isCreate": "2021-02-16T05:20:04.003Z",
    "id": "602b560419f078644abe92c2",
    "groupsId": "602b55a419f078644abe92b8",
    "senderId": "601d512bd6d62639faea73f1"
  },
  {
    "date": "2021-02-16T00:00:00.000Z",
    "dateFormat": "16/02/2021",
    "time": "10:53 am",
    "msg": "heyyy",
    "uuid": "641a01ad-3209-4e32-8f16-f34bd81a5d00",
    "time_order": 1613453017718,
    "isCreate": "2021-02-16T05:23:37.718Z",
    "id": "602b56d919f078644abe92c5",
    "groupsId": "602b55a419f078644abe92b8",
    "senderId": "6027ac4be42e90525911c46a"
  },
  {
    "date": "2021-02-16T00:00:00.000Z",
    "dateFormat": "16/02/2021",
    "time": "04:17 pm",
    "msg": "hi",
    "uuid": "99dd479c-8721-483e-b07c-e8a308014deb",
    "time_order": 1613472421348,
    "isCreate": "2021-02-16T10:47:01.348Z",
    "id": "602ba2a519f078644abe92e4",
    "groupsId": "602ba23f19f078644abe92da",
    "senderId": "601d50e1d6d62639faea73ef"
  },
  {
    "date": "2021-02-16T00:00:00.000Z",
    "dateFormat": "16/02/2021",
    "time": "04:17 pm",
    "msg": "hey",
    "uuid": "0b979277-9d7c-45ae-a595-e641dadb0602",
    "time_order": 1613472450410,
    "isCreate": "2021-02-16T10:47:30.410Z",
    "id": "602ba2c219f078644abe92e9",
    "groupsId": "602ba23f19f078644abe92da",
    "senderId": "602a7f744877615c84fb7f57"
  },
  {
    "date": "2021-02-16T00:00:00.000Z",
    "dateFormat": "16/02/2021",
    "time": "04:17 pm",
    "msg": "hiii",
    "uuid": "61c50f4e-f838-41a5-82b1-5cefdd0d087a",
    "time_order": 1613472457896,
    "isCreate": "2021-02-16T10:47:37.896Z",
    "id": "602ba2c919f078644abe92ec",
    "groupsId": "602ba23f19f078644abe92da",
    "senderId": "601d50e1d6d62639faea73ef"
  },
  {
    "date": "2021-02-16T00:00:00.000Z",
    "dateFormat": "16/02/2021",
    "time": "04:18 pm",
    "msg": "heyy",
    "uuid": "37b48386-3763-4adc-8e83-168c427332d6",
    "time_order": 1613472506935,
    "isCreate": "2021-02-16T10:48:26.935Z",
    "id": "602ba2fa19f078644abe92f1",
    "groupsId": "602ba23f19f078644abe92da",
    "senderId": "602a7f744877615c84fb7f57"
  },
  {
    "date": "2021-02-16T00:00:00.000Z",
    "dateFormat": "16/02/2021",
    "time": "05:04 pm",
    "msg": "hiiii",
    "uuid": "e1b7836f-bd72-4b0b-acee-c96524e89b2e",
    "time_order": 1613475249085,
    "isCreate": "2021-02-16T11:34:09.085Z",
    "id": "602badb119f078644abe9302",
    "groupsId": "602bada519f078644abe92fd",
    "senderId": "6028a1500b118227fca89d45"
  },
  {
    "date": "2021-03-10T00:00:00.000Z",
    "dateFormat": "10/03/2021",
    "time": "03:50 pm",
    "msg": "Hi",
    "uuid": "ba471876-a0e7-4c5d-ab63-03525a4cbb04",
    "time_order": 1615371657600,
    "isCreate": "2021-03-10T10:20:57.600Z",
    "id": "60489d8966d38601cbca22f6",
    "groupsId": "60489d0066d38601cbca22df",
    "senderId": "601d9761d6d62639faea7445"
  },
  {
    "date": "2021-03-10T00:00:00.000Z",
    "dateFormat": "10/03/2021",
    "time": "03:51 pm",
    "msg": "hu",
    "uuid": "e5a71ade-3da0-4d2b-b4a5-8a7805082c94",
    "time_order": 1615371677307,
    "isCreate": "2021-03-10T10:21:17.307Z",
    "id": "60489d9d66d38601cbca22fb",
    "groupsId": "60489d0066d38601cbca22df",
    "senderId": "602bb7ad19f078644abe9318"
  },
  {
    "date": "2021-03-10T00:00:00.000Z",
    "dateFormat": "10/03/2021",
    "time": "03:51 pm",
    "msg": "hi",
    "uuid": "31794f72-40a8-4b3f-8fe4-993ce5ea0c55",
    "time_order": 1615371679341,
    "isCreate": "2021-03-10T10:21:19.341Z",
    "id": "60489d9f66d38601cbca22fe",
    "groupsId": "60489d0066d38601cbca22df",
    "senderId": "602bb7ad19f078644abe9318"
  },
  {
    "date": "2021-03-12T00:00:00.000Z",
    "dateFormat": "12/03/2021",
    "time": "12:31 pm",
    "msg": "hh",
    "uuid": "44d661cd-18f9-47ce-b3e6-3102596d9b1b",
    "time_order": 1615532485168,
    "isCreate": "2021-03-12T07:01:25.168Z",
    "id": "604b11c52d78cd4cddb7bd04",
    "groupsId": "604b11b82d78cd4cddb7bcff",
    "senderId": "601d9485d6d62639faea7444"
  },
  {
    "date": "2021-04-11T00:00:00.000Z",
    "dateFormat": "11/04/2021",
    "time": "06:18 pm",
    "msg": "hi",
    "uuid": "07ea2802-879c-4381-89b9-1a411954de47",
    "time_order": 1618145335314,
    "isCreate": "2021-04-11T12:48:55.315Z",
    "id": "6072f037d5b371026e1b5f22",
    "groupsId": "602ba23f19f078644abe92da",
    "senderId": "601d50e1d6d62639faea73ef"
  },
  {
    "date": "2021-04-11T00:00:00.000Z",
    "dateFormat": "11/04/2021",
    "time": "06:19 pm",
    "msg": "hhkj",
    "uuid": "4e4e947c-700b-4a66-b8e5-0e43beca3814",
    "time_order": 1618145345545,
    "isCreate": "2021-04-11T12:49:05.545Z",
    "id": "6072f041d5b371026e1b5f24",
    "groupsId": "602ba23f19f078644abe92da",
    "senderId": "601d50e1d6d62639faea73ef"
  },
  {
    "date": "2021-04-11T00:00:00.000Z",
    "dateFormat": "11/04/2021",
    "time": "06:19 pm",
    "msg": "hvh",
    "uuid": "420bb9a8-5061-4e6b-b96b-088392708dd1",
    "time_order": 1618145356413,
    "isCreate": "2021-04-11T12:49:16.413Z",
    "id": "6072f04cd5b371026e1b5f28",
    "groupsId": "602ba23f19f078644abe92da",
    "senderId": "601d50e1d6d62639faea73ef"
  },
  {
    "date": "2021-04-11T00:00:00.000Z",
    "dateFormat": "11/04/2021",
    "time": "08:14 pm",
    "msg": "helo",
    "uuid": "4518654d-a79f-44f1-8d49-e30856c71913",
    "time_order": 1618152263445,
    "isCreate": "2021-04-11T14:44:23.445Z",
    "id": "60730b47d5b371026e1b5f3f",
    "groupsId": "602ba23f19f078644abe92da",
    "senderId": "602a7f744877615c84fb7f57"
  },
  {
    "date": "2021-04-11T00:00:00.000Z",
    "dateFormat": "11/04/2021",
    "time": "08:15 pm",
    "msg": "hi",
    "uuid": "a718ac27-f330-435d-ad26-cf785c3fd13d",
    "time_order": 1618152306878,
    "isCreate": "2021-04-11T14:45:06.878Z",
    "id": "60730b72d5b371026e1b5f41",
    "groupsId": "602b54d919f078644abe92a5",
    "senderId": "6027ac4be42e90525911c46a"
  }
]