[
  {
    "isCreate": "2020-10-02T16:04:04.797Z",
    "category": "blog",
    "isLike": true,
    "id": "5f774f749ec2c559ef8a3eba",
    "customerId": "5f774f5e9ec2c559ef8a3eb9",
    "blogId": "5f6a06ede0a20864edcdd6d2"
  },
  {
    "isCreate": "2020-10-02T16:04:13.257Z",
    "category": "forum",
    "isLike": true,
    "id": "5f774f7d9ec2c559ef8a3ebb",
    "customerId": "5f774f5e9ec2c559ef8a3eb9",
    "forumId": "5f6a4aca061799085b220f0f"
  },
  {
    "isCreate": "2020-10-02T16:40:34.592Z",
    "category": "blog",
    "isLike": true,
    "id": "5f7758027287435cf10bebff",
    "customerId": "5f774f5e9ec2c559ef8a3eb9",
    "blogId": "5f6a06ede0a20864edcdd6d3"
  },
  {
    "isCreate": "2020-10-02T17:39:48.467Z",
    "category": "forum",
    "isLike": false,
    "id": "5f7765e4f89a4b6247d2e865",
    "customerId": "5f7765def89a4b6247d2e864",
    "forumId": "5f6a4aca061799085b220f0f"
  },
  {
    "isCreate": "2020-10-02T17:40:20.467Z",
    "category": "blog",
    "isLike": true,
    "id": "5f776604f89a4b6247d2e866",
    "customerId": "5f7765def89a4b6247d2e864",
    "blogId": "5f6a06ede0a20864edcdd6d2"
  },
  {
    "isCreate": "2020-10-02T17:43:48.275Z",
    "category": "blog",
    "isLike": true,
    "id": "5f7766d4f89a4b6247d2e867",
    "customerId": "5f7758ab7287435cf10bec00",
    "blogId": "5f6a06ede0a20864edcdd6d2"
  },
  {
    "isCreate": "2020-10-02T18:39:21.836Z",
    "category": "blog",
    "isLike": false,
    "id": "5f7773d909e044691cb6da50",
    "customerId": "5f7773a309e044691cb6da4f",
    "blogId": "5f6a06ede0a20864edcdd6d2"
  },
  {
    "isCreate": "2020-10-02T18:46:37.234Z",
    "category": "forum",
    "isLike": true,
    "id": "5f77758d09e044691cb6da51",
    "customerId": "5f7773a309e044691cb6da4f",
    "forumId": "5f6a4aca061799085b220f0f"
  },
  {
    "isCreate": "2020-10-03T13:26:56.831Z",
    "category": "forum",
    "isLike": true,
    "id": "5f787c20f6a33a23de4dd510",
    "customerId": "5f7758ab7287435cf10bec00",
    "forumId": "5f6a4aca061799085b220f0f"
  },
  {
    "isCreate": "2020-10-03T13:45:14.123Z",
    "category": "forum",
    "isLike": true,
    "id": "5f78806af6a33a23de4dd512",
    "customerId": "5f78802cf6a33a23de4dd511",
    "forumId": "5f6a4aca061799085b220f0f"
  },
  {
    "isCreate": "2020-10-03T13:46:21.716Z",
    "category": "blog",
    "isLike": true,
    "id": "5f7880adf6a33a23de4dd513",
    "customerId": "5f78802cf6a33a23de4dd511",
    "blogId": "5f6a06ede0a20864edcdd6d3"
  },
  {
    "isCreate": "2020-10-06T16:31:51.938Z",
    "category": "blog",
    "isLike": false,
    "id": "5f7c9bf7e720f00e0694e1bf",
    "customerId": "5f774f5e9ec2c559ef8a3eb9",
    "blogId": "5f6a06ede0a20864edcdd6d4"
  },
  {
    "isCreate": "2020-10-06T17:49:58.097Z",
    "category": "forum",
    "isLike": true,
    "id": "5f7cae46e720f00e0694e1c1",
    "customerId": "5f7cae21e720f00e0694e1c0",
    "forumId": "5f6a4aca061799085b220f0f"
  },
  {
    "isCreate": "2020-10-07T05:17:42.199Z",
    "category": "blog",
    "isLike": true,
    "id": "5f7d4f76e720f00e0694e1c4",
    "customerId": "5f7cae21e720f00e0694e1c0",
    "blogId": "5f6a3aabddadf6013f6791c3"
  },
  {
    "isCreate": "2020-10-08T08:37:01.331Z",
    "category": "forum",
    "isLike": true,
    "id": "5f7ecfade720f00e0694e1cc",
    "customerId": "5f7cae21e720f00e0694e1c0",
    "forumId": "5f7e0341e720f00e0694e1c8"
  },
  {
    "isCreate": "2020-10-08T14:25:27.242Z",
    "category": "blog",
    "isLike": true,
    "id": "5f7f2157e720f00e0694e1d0",
    "customerId": "5f7cae21e720f00e0694e1c0",
    "blogId": "5f6a06ede0a20864edcdd6d2"
  },
  {
    "isCreate": "2020-10-08T17:03:49.013Z",
    "category": "blog",
    "isLike": true,
    "id": "5f7f4675e720f00e0694e1d1",
    "customerId": "5f7cae21e720f00e0694e1c0",
    "blogId": "5f7f1efce720f00e0694e1cf"
  },
  {
    "isCreate": "2020-10-09T05:48:50.451Z",
    "category": "blog",
    "isLike": false,
    "id": "5f7ff9c2e720f00e0694e1d3",
    "customerId": "5f774f5e9ec2c559ef8a3eb9",
    "blogId": "5f7f1efce720f00e0694e1cf"
  },
  {
    "isCreate": "2020-10-09T16:52:22.923Z",
    "category": "forum",
    "isLike": true,
    "id": "5f809546e720f00e0694e1d4",
    "customerId": "5f7ae495f6a33a23de4dd514",
    "forumId": "5f6a4aca061799085b220f0f"
  },
  {
    "isCreate": "2020-10-09T16:52:29.339Z",
    "category": "forum",
    "isLike": false,
    "id": "5f80954de720f00e0694e1d5",
    "customerId": "5f7d33e5e720f00e0694e1c3",
    "forumId": "5f6a4aca061799085b220f0f"
  },
  {
    "isCreate": "2020-10-10T15:15:45.667Z",
    "category": "blog",
    "isLike": true,
    "id": "5f81d021e720f00e0694e1d7",
    "customerId": "5f7ff97ee720f00e0694e1d2",
    "blogId": "5f809be0e720f00e0694e1d6"
  },
  {
    "isCreate": "2020-10-10T17:01:17.792Z",
    "category": "blog",
    "isLike": false,
    "id": "5f81e8dd7622213a122a3415",
    "customerId": "5f7758ab7287435cf10bec00",
    "blogId": "5f7f1efce720f00e0694e1cf"
  },
  {
    "isCreate": "2020-10-11T11:17:44.936Z",
    "category": "forum",
    "isLike": true,
    "id": "5f82e9d8f332f53ce694af10",
    "customerId": "5f82ac45f332f53ce694af0e",
    "forumId": "5f7e0341e720f00e0694e1c8"
  },
  {
    "isCreate": "2020-10-19T11:47:24.243Z",
    "category": "blog",
    "isLike": true,
    "id": "5f8d7ccc9b04e52109344c1c",
    "customerId": "5f8d7c859b04e52109344c1b",
    "blogId": "5f6a06ede0a20864edcdd6d3"
  },
  {
    "isCreate": "2020-10-23T16:27:26.183Z",
    "category": "forum",
    "isLike": false,
    "id": "5f93046e8177a0057c1f7f21",
    "customerId": "5f9304668177a0057c1f7f20",
    "forumId": "5f6a4aca061799085b220f0f"
  },
  {
    "isCreate": "2020-10-23T16:51:15.981Z",
    "category": "forum",
    "isLike": true,
    "id": "5f930a038177a0057c1f7f23",
    "customerId": "5f7765def89a4b6247d2e864",
    "forumId": "5f7e0341e720f00e0694e1c8"
  },
  {
    "isCreate": "2020-10-23T20:46:26.154Z",
    "category": "blog",
    "isLike": false,
    "id": "5f9341228177a0057c1f7f2b",
    "customerId": "5f9304668177a0057c1f7f20",
    "blogId": "5f6a3aabddadf6013f6791c3"
  },
  {
    "isCreate": "2020-10-23T20:46:45.105Z",
    "category": "blog",
    "isLike": false,
    "id": "5f9341358177a0057c1f7f2c",
    "customerId": "5f9304668177a0057c1f7f20",
    "blogId": "5f6a06ede0a20864edcdd6d2"
  },
  {
    "isCreate": "2020-10-24T06:38:18.658Z",
    "category": "forum",
    "isLike": true,
    "id": "5f93cbda8177a0057c1f7f30",
    "customerId": "5f92c64c8177a0057c1f7f1f",
    "forumId": "5f92c0b38177a0057c1f7f1e"
  },
  {
    "isCreate": "2020-10-24T06:40:59.222Z",
    "category": "forum",
    "isLike": false,
    "id": "5f93cc7b8177a0057c1f7f32",
    "customerId": "5f92c64c8177a0057c1f7f1f",
    "forumId": "5f6a4aca061799085b220f0f"
  },
  {
    "isCreate": "2020-10-24T10:40:03.610Z",
    "category": "forum",
    "isLike": false,
    "id": "5f9404838177a0057c1f7f37",
    "customerId": "5f92c64c8177a0057c1f7f1f",
    "forumId": "5f9403e78177a0057c1f7f36"
  },
  {
    "isCreate": "2020-10-24T12:42:13.589Z",
    "category": "forum",
    "isLike": false,
    "id": "5f9421258177a0057c1f7f3c",
    "customerId": "5f9304668177a0057c1f7f20",
    "forumId": "5f92c0b38177a0057c1f7f1e"
  },
  {
    "isCreate": "2020-10-24T13:11:30.433Z",
    "category": "blog",
    "isLike": true,
    "id": "5f9428028177a0057c1f7f3e",
    "customerId": "5f7cae21e720f00e0694e1c0",
    "blogId": "5f9278a98177a0057c1f7f1c"
  },
  {
    "isCreate": "2020-10-24T16:20:54.325Z",
    "category": "forum",
    "isLike": false,
    "id": "5f9454668177a0057c1f7f41",
    "customerId": "5f9304668177a0057c1f7f20",
    "forumId": "5f9454568177a0057c1f7f40"
  },
  {
    "isCreate": "2020-10-24T16:25:23.002Z",
    "category": "blog",
    "isLike": false,
    "id": "5f9455738177a0057c1f7f43",
    "customerId": "5f92c64c8177a0057c1f7f1f",
    "blogId": "5f6a06ede0a20864edcdd6d3"
  },
  {
    "isCreate": "2020-10-24T16:25:27.986Z",
    "category": "blog",
    "isLike": true,
    "id": "5f9455778177a0057c1f7f44",
    "customerId": "5f92c64c8177a0057c1f7f1f",
    "blogId": "5f9405298177a0057c1f7f3a"
  },
  {
    "isCreate": "2020-10-24T16:26:04.589Z",
    "category": "blog",
    "isLike": false,
    "id": "5f94559c8177a0057c1f7f45",
    "customerId": "5f92c64c8177a0057c1f7f1f",
    "blogId": "5f809be0e720f00e0694e1d6"
  },
  {
    "isCreate": "2020-10-24T16:29:21.217Z",
    "category": "blog",
    "isLike": false,
    "id": "5f9456618177a0057c1f7f47",
    "customerId": "5f9455da8177a0057c1f7f46",
    "blogId": "5f809be0e720f00e0694e1d6"
  },
  {
    "isCreate": "2020-10-24T16:33:22.730Z",
    "category": "blog",
    "isLike": false,
    "id": "5f9457528177a0057c1f7f49",
    "customerId": "5f9455da8177a0057c1f7f46",
    "blogId": "5f9454c38177a0057c1f7f42"
  },
  {
    "isCreate": "2020-10-24T16:37:02.561Z",
    "category": "blog",
    "isLike": false,
    "id": "5f94582e8177a0057c1f7f4a",
    "customerId": "5f92c64c8177a0057c1f7f1f",
    "blogId": "5f9456a08177a0057c1f7f48"
  },
  {
    "isCreate": "2020-10-24T16:45:24.192Z",
    "category": "blog",
    "isLike": true,
    "id": "5f945a248177a0057c1f7f4b",
    "customerId": "5f930ffb8177a0057c1f7f2a",
    "blogId": "5f6a06ede0a20864edcdd6d3"
  },
  {
    "isCreate": "2020-10-24T17:12:27.852Z",
    "category": "forum",
    "isLike": true,
    "id": "5f94607b8177a0057c1f7f4f",
    "customerId": "5f7cae21e720f00e0694e1c0",
    "forumId": "5f94605f8177a0057c1f7f4e"
  },
  {
    "isCreate": "2020-10-26T12:55:11.775Z",
    "category": "forum",
    "isLike": true,
    "id": "5f96c72f8177a0057c1f7f55",
    "customerId": "5f7ae495f6a33a23de4dd514",
    "forumId": "5f9404f28177a0057c1f7f39"
  },
  {
    "isCreate": "2020-10-27T14:50:53.068Z",
    "category": "forum",
    "isLike": false,
    "id": "5f9833cd8177a0057c1f7f56",
    "customerId": "5f9455da8177a0057c1f7f46",
    "forumId": "5f6a4aca061799085b220f0f"
  },
  {
    "isCreate": "2020-10-29T12:28:46.234Z",
    "category": "forum",
    "isLike": true,
    "id": "5f9ab57e105dca5d971190b3",
    "customerId": "5f7758ab7287435cf10bec00",
    "forumId": "5f9aad9016cb3758aa961637"
  },
  {
    "isCreate": "2020-10-29T12:39:41.008Z",
    "category": "blog",
    "isLike": false,
    "id": "5f9ab80d105dca5d971190b4",
    "customerId": "5f92c64c8177a0057c1f7f1f",
    "blogId": "5f96beb88177a0057c1f7f54"
  },
  {
    "isCreate": "2020-10-29T12:43:25.963Z",
    "category": "blog",
    "isLike": false,
    "id": "5f9ab8ed105dca5d971190b5",
    "customerId": "5f9304668177a0057c1f7f20",
    "blogId": "5f96beb88177a0057c1f7f54"
  },
  {
    "isCreate": "2020-10-29T12:49:09.549Z",
    "category": "forum",
    "isLike": false,
    "id": "5f9aba45105dca5d971190b6",
    "customerId": "5f9304668177a0057c1f7f20",
    "forumId": "5f9aad9016cb3758aa961637"
  },
  {
    "isCreate": "2020-10-29T14:31:31.161Z",
    "category": "forum",
    "isLike": true,
    "id": "5f9ad243105dca5d971190b9",
    "customerId": "5f7cae21e720f00e0694e1c0",
    "forumId": "5f92c0b38177a0057c1f7f1e"
  },
  {
    "isCreate": "2020-10-30T06:11:22.451Z",
    "category": "forum",
    "isLike": true,
    "id": "5f9bae8a105dca5d971190bb",
    "customerId": "5f7cae21e720f00e0694e1c0",
    "forumId": "5f96be0b8177a0057c1f7f53"
  },
  {
    "isCreate": "2020-10-30T06:30:21.668Z",
    "category": "forum",
    "isLike": true,
    "id": "5f9bb2fd105dca5d971190be",
    "customerId": "5f7cae21e720f00e0694e1c0",
    "forumId": "5f9bb2e3105dca5d971190bc"
  },
  {
    "isCreate": "2020-11-08T07:14:52.018Z",
    "category": "forum",
    "isLike": false,
    "id": "5fa79aec1ea3d45f299018d3",
    "customerId": "5f9304668177a0057c1f7f20",
    "forumId": "5fa77fca1ea3d45f299018ca"
  },
  {
    "isCreate": "2020-12-30T17:29:36.071Z",
    "category": "blog",
    "isLike": false,
    "id": "5fecb9002e751b6a3ff4d020",
    "customerId": "5f9455da8177a0057c1f7f46",
    "blogId": "5f6a06ede0a20864edcdd6d4"
  },
  {
    "isCreate": "2020-12-30T17:29:52.280Z",
    "category": "forum",
    "isLike": true,
    "id": "5fecb9102e751b6a3ff4d021",
    "customerId": "5f9455da8177a0057c1f7f46",
    "forumId": "5fa781f51ea3d45f299018cb"
  },
  {
    "isCreate": "2020-12-30T18:40:41.412Z",
    "category": "blog",
    "isLike": true,
    "id": "5fecc9a92e751b6a3ff4d022",
    "customerId": "5f9455da8177a0057c1f7f46",
    "blogId": "5f6a06ede0a20864edcdd6d3"
  },
  {
    "isCreate": "2021-01-17T10:57:05.777Z",
    "category": "forum",
    "isLike": true,
    "id": "6004180134621552729e24d1",
    "customerId": "600410eb34621552729e24cf",
    "forumId": "5fa77fca1ea3d45f299018ca"
  },
  {
    "isCreate": "2021-01-17T13:06:16.619Z",
    "category": "forum",
    "isLike": true,
    "id": "6004364834621552729e24d3",
    "customerId": "600410eb34621552729e24cf",
    "forumId": "5fa7846d1ea3d45f299018ce"
  },
  {
    "isCreate": "2021-02-05T14:06:38.269Z",
    "category": "forum",
    "isLike": true,
    "id": "601d50eed6d62639faea73f0",
    "customerId": "601d50e1d6d62639faea73ef",
    "forumId": "5fa7846d1ea3d45f299018ce"
  },
  {
    "isCreate": "2021-03-01T12:48:28.816Z",
    "category": "forum",
    "isLike": false,
    "id": "603ce29c19f078644abe9378",
    "customerId": "6028a1500b118227fca89d45",
    "forumId": "5fa783bc1ea3d45f299018cd"
  },
  {
    "isCreate": "2021-03-07T19:48:16.148Z",
    "category": "forum",
    "isLike": true,
    "id": "60452e0066d38601cbca229d",
    "customerId": "6028a1500b118227fca89d45",
    "forumId": "5fa781f51ea3d45f299018cb"
  },
  {
    "isCreate": "2021-03-07T20:01:21.333Z",
    "category": "forum",
    "isLike": false,
    "id": "6045311166d38601cbca229e",
    "customerId": "6028a1500b118227fca89d45",
    "forumId": "5fa7846d1ea3d45f299018ce"
  },
  {
    "isCreate": "2021-03-07T20:03:10.005Z",
    "category": "forum",
    "isLike": true,
    "id": "6045317e66d38601cbca229f",
    "customerId": "6028a1500b118227fca89d45",
    "forumId": "5fa785d41ea3d45f299018d0"
  },
  {
    "isCreate": "2021-03-08T09:22:43.648Z",
    "category": "forum",
    "isLike": true,
    "id": "6045ece366d38601cbca22a1",
    "customerId": "6028a1500b118227fca89d45",
    "forumId": "5fa7875a1ea3d45f299018d2"
  },
  {
    "isCreate": "2021-03-09T05:44:16.118Z",
    "category": "forum",
    "isLike": true,
    "id": "60470b3066d38601cbca22a3",
    "customerId": "601d9761d6d62639faea7445",
    "forumId": "5fa785431ea3d45f299018cf"
  },
  {
    "isCreate": "2021-03-09T14:14:40.207Z",
    "category": "blog",
    "isLike": true,
    "id": "604782d066d38601cbca22aa",
    "customerId": "601d9761d6d62639faea7445",
    "blogId": "5f96beb88177a0057c1f7f54"
  },
  {
    "isCreate": "2021-03-10T16:13:22.611Z",
    "category": "teenache",
    "isLike": true,
    "id": "6048f0223dd8e6465151e113",
    "customerId": "601d50e1d6d62639faea73ef",
    "teenacheId": "6045072bec9db1758ef751a2"
  },
  {
    "isCreate": "2021-03-10T16:59:46.854Z",
    "category": "teenache",
    "isLike": false,
    "id": "6048fb02d6c510493e8112c2",
    "customerId": "602a7f744877615c84fb7f57",
    "teenacheId": "6045075aec9db1758ef751a3"
  },
  {
    "isCreate": "2021-03-10T18:31:03.487Z",
    "category": "teenache",
    "isLike": true,
    "id": "604910672d78cd4cddb7bcf9",
    "customerId": "601d50e1d6d62639faea73ef",
    "teenacheId": "6045075aec9db1758ef751a3"
  },
  {
    "isCreate": "2021-03-10T19:06:07.957Z",
    "category": "teenache",
    "isLike": true,
    "id": "6049189f2d78cd4cddb7bcfb",
    "customerId": "601d9485d6d62639faea7444",
    "teenacheId": "6045075aec9db1758ef751a3"
  },
  {
    "isCreate": "2021-03-12T07:00:02.833Z",
    "category": "blog",
    "isLike": false,
    "id": "604b11722d78cd4cddb7bcfd",
    "customerId": "601d9485d6d62639faea7444",
    "blogId": "5f6a06ede0a20864edcdd6d3"
  },
  {
    "isCreate": "2021-03-12T11:38:35.311Z",
    "category": "blog",
    "isLike": false,
    "id": "604b52bb2d78cd4cddb7bd07",
    "customerId": "602bb7ad19f078644abe9318",
    "blogId": "5f7f1efce720f00e0694e1cf"
  },
  {
    "isCreate": "2021-03-20T17:54:34.481Z",
    "category": "forum",
    "isLike": false,
    "id": "605636da2d78cd4cddb7bd0a",
    "customerId": "601d9485d6d62639faea7444",
    "forumId": "5fa785431ea3d45f299018cf"
  },
  {
    "isCreate": "2021-04-11T14:57:09.211Z",
    "category": "blog",
    "isLike": false,
    "id": "60730e45d5b371026e1b5f44",
    "customerId": "601d50e1d6d62639faea73ef",
    "blogId": "5f6a3aabddadf6013f6791c3"
  }
]