[
  {
    "send_time": "10:48 am",
    "send_date": "2021-02-16T00:00:00.000Z",
    "send_date_format": "16/02/2021",
    "isSend": true,
    "send_msg": "Hi",
    "msg_readed": true,
    "uuid": "1c8c746e-d19c-478b-8175-74d7b5fa493e",
    "time_order": 1613452708418,
    "isCreate": "2021-02-16T05:18:28.419Z",
    "id": "602b55a419f078644abe92b5",
    "chatListId": "602b55a419f078644abe92b4"
  },
  {
    "send_time": "10:48 am",
    "send_date": "2021-02-16T00:00:00.000Z",
    "send_date_format": "16/02/2021",
    "isSend": false,
    "send_msg": "Hi",
    "msg_readed": true,
    "uuid": "1cb3e939-639d-4db3-94c7-b6b31a345349",
    "time_order": 1613452708426,
    "isCreate": "2021-02-16T05:18:28.426Z",
    "id": "602b55a419f078644abe92b7",
    "chatListId": "602b55a419f078644abe92b6"
  },
  {
    "send_time": "10:48 am",
    "send_date": "2021-02-16T00:00:00.000Z",
    "send_date_format": "16/02/2021",
    "isSend": true,
    "send_msg": "You there? ",
    "msg_readed": true,
    "uuid": "3d17c8e7-1679-4d9c-8ad5-3eff441c5511",
    "time_order": 1613452714597,
    "isCreate": "2021-02-16T05:18:34.597Z",
    "id": "602b55aa19f078644abe92bd",
    "chatListId": "602b55a419f078644abe92b4"
  },
  {
    "send_time": "10:48 am",
    "send_date": "2021-02-16T00:00:00.000Z",
    "send_date_format": "16/02/2021",
    "isSend": false,
    "send_msg": "You there? ",
    "msg_readed": true,
    "uuid": "d4ddf95f-1239-4d16-a72e-638bc8cc1cee",
    "time_order": 1613452714601,
    "isCreate": "2021-02-16T05:18:34.601Z",
    "id": "602b55aa19f078644abe92be",
    "chatListId": "602b55a419f078644abe92b6"
  },
  {
    "send_time": "10:54 am",
    "send_date": "2021-02-16T00:00:00.000Z",
    "send_date_format": "16/02/2021",
    "isSend": true,
    "send_msg": "Hi",
    "msg_readed": true,
    "uuid": "4edc35c1-c537-42da-94b8-2c5978a1fb08",
    "time_order": 1613453074695,
    "isCreate": "2021-02-16T05:24:34.695Z",
    "id": "602b571219f078644abe92c8",
    "chatListId": "602b55a419f078644abe92b6"
  },
  {
    "send_time": "10:54 am",
    "send_date": "2021-02-16T00:00:00.000Z",
    "send_date_format": "16/02/2021",
    "isSend": false,
    "send_msg": "Hi",
    "msg_readed": true,
    "uuid": "26d3caf1-2ee9-4add-a0e7-e21f79d9798c",
    "time_order": 1613453074702,
    "isCreate": "2021-02-16T05:24:34.702Z",
    "id": "602b571219f078644abe92c9",
    "chatListId": "602b55a419f078644abe92b4"
  },
  {
    "send_time": "01:54 pm",
    "send_date": "2021-02-16T00:00:00.000Z",
    "send_date_format": "16/02/2021",
    "isSend": true,
    "send_msg": "hi",
    "msg_readed": true,
    "uuid": "deac38cc-3ed9-47d1-8001-7c317f2e0428",
    "time_order": 1613463870514,
    "isCreate": "2021-02-16T08:24:30.514Z",
    "id": "602b813e19f078644abe92cd",
    "chatListId": "602b813e19f078644abe92cc"
  },
  {
    "send_time": "01:54 pm",
    "send_date": "2021-02-16T00:00:00.000Z",
    "send_date_format": "16/02/2021",
    "isSend": false,
    "send_msg": "hi",
    "msg_readed": true,
    "uuid": "7ff33aaa-5de0-48c5-887b-9ed69bc07f22",
    "time_order": 1613463870517,
    "isCreate": "2021-02-16T08:24:30.517Z",
    "id": "602b813e19f078644abe92cf",
    "chatListId": "602b813e19f078644abe92ce"
  },
  {
    "send_time": "01:55 pm",
    "send_date": "2021-02-16T00:00:00.000Z",
    "send_date_format": "16/02/2021",
    "isSend": true,
    "send_msg": "hi",
    "msg_readed": true,
    "uuid": "5186c0e6-312d-497f-960e-84ccf461db3a",
    "time_order": 1613463933743,
    "isCreate": "2021-02-16T08:25:33.743Z",
    "id": "602b817d19f078644abe92d1",
    "chatListId": "602b817d19f078644abe92d0"
  },
  {
    "send_time": "01:55 pm",
    "send_date": "2021-02-16T00:00:00.000Z",
    "send_date_format": "16/02/2021",
    "isSend": false,
    "send_msg": "hi",
    "msg_readed": true,
    "uuid": "6ba085ab-436f-4ccf-ab9d-bffb5c96f63a",
    "time_order": 1613463933746,
    "isCreate": "2021-02-16T08:25:33.746Z",
    "id": "602b817d19f078644abe92d3",
    "chatListId": "602b817d19f078644abe92d2"
  },
  {
    "send_time": "05:02 pm",
    "send_date": "2021-02-16T00:00:00.000Z",
    "send_date_format": "16/02/2021",
    "isSend": true,
    "send_msg": "hii",
    "msg_readed": false,
    "uuid": "2bed0ed8-7aec-4448-9c28-f3018ed92c94",
    "time_order": 1613475174864,
    "isCreate": "2021-02-16T11:32:54.864Z",
    "id": "602bad6619f078644abe92fa",
    "chatListId": "602bad6619f078644abe92f9"
  },
  {
    "send_time": "05:02 pm",
    "send_date": "2021-02-16T00:00:00.000Z",
    "send_date_format": "16/02/2021",
    "isSend": false,
    "send_msg": "hii",
    "msg_readed": true,
    "uuid": "a7474542-e2d2-49af-9b62-4a78d4e6f336",
    "time_order": 1613475174875,
    "isCreate": "2021-02-16T11:32:54.875Z",
    "id": "602bad6619f078644abe92fc",
    "chatListId": "602bad6619f078644abe92fb"
  },
  {
    "send_time": "05:32 pm",
    "send_date": "2021-02-16T00:00:00.000Z",
    "send_date_format": "16/02/2021",
    "isSend": true,
    "send_msg": "What are the changes in this build ",
    "msg_readed": true,
    "uuid": "82b30fde-7828-4ecc-b8e7-50e3f7d1fc3f",
    "time_order": 1613476932286,
    "isCreate": "2021-02-16T12:02:12.287Z",
    "id": "602bb44419f078644abe9307",
    "chatListId": "602b55a419f078644abe92b4"
  },
  {
    "send_time": "05:32 pm",
    "send_date": "2021-02-16T00:00:00.000Z",
    "send_date_format": "16/02/2021",
    "isSend": false,
    "send_msg": "What are the changes in this build ",
    "msg_readed": true,
    "uuid": "0878f99f-d790-4950-8eeb-83c872d9f122",
    "time_order": 1613476932290,
    "isCreate": "2021-02-16T12:02:12.290Z",
    "id": "602bb44419f078644abe9308",
    "chatListId": "602b55a419f078644abe92b6"
  },
  {
    "send_time": "05:35 pm",
    "send_date": "2021-02-16T00:00:00.000Z",
    "send_date_format": "16/02/2021",
    "isSend": true,
    "send_msg": "Hi",
    "msg_readed": true,
    "uuid": "173f2b7b-bbfd-410b-8518-490c9a2b2e85",
    "time_order": 1613477108944,
    "isCreate": "2021-02-16T12:05:08.944Z",
    "id": "602bb4f419f078644abe930c",
    "chatListId": "602bb4f419f078644abe930b"
  },
  {
    "send_time": "05:35 pm",
    "send_date": "2021-02-16T00:00:00.000Z",
    "send_date_format": "16/02/2021",
    "isSend": false,
    "send_msg": "Hi",
    "msg_readed": true,
    "uuid": "b54a1c7e-b2f3-44c6-bd69-9aab8fd3a3de",
    "time_order": 1613477108947,
    "isCreate": "2021-02-16T12:05:08.948Z",
    "id": "602bb4f419f078644abe930e",
    "chatListId": "602bb4f419f078644abe930d"
  },
  {
    "send_time": "05:35 pm",
    "send_date": "2021-02-16T00:00:00.000Z",
    "send_date_format": "16/02/2021",
    "isSend": true,
    "send_msg": "You there? ",
    "msg_readed": true,
    "uuid": "c5828bb1-39c1-4dc7-b5fc-0f2fb5e1304f",
    "time_order": 1613477113602,
    "isCreate": "2021-02-16T12:05:13.602Z",
    "id": "602bb4f919f078644abe930f",
    "chatListId": "602bb4f419f078644abe930b"
  },
  {
    "send_time": "05:35 pm",
    "send_date": "2021-02-16T00:00:00.000Z",
    "send_date_format": "16/02/2021",
    "isSend": false,
    "send_msg": "You there? ",
    "msg_readed": true,
    "uuid": "d52c41bd-11cf-4925-b951-f21fb6d3a67e",
    "time_order": 1613477113604,
    "isCreate": "2021-02-16T12:05:13.605Z",
    "id": "602bb4f919f078644abe9310",
    "chatListId": "602bb4f419f078644abe930d"
  },
  {
    "send_time": "05:38 pm",
    "send_date": "2021-02-16T00:00:00.000Z",
    "send_date_format": "16/02/2021",
    "isSend": true,
    "send_msg": "Hi Pinky",
    "msg_readed": true,
    "uuid": "daf8f98a-99ab-4b6d-a7b3-b42fb34883b0",
    "time_order": 1613477328096,
    "isCreate": "2021-02-16T12:08:48.096Z",
    "id": "602bb5d019f078644abe9314",
    "chatListId": "602bb5d019f078644abe9312"
  },
  {
    "send_time": "05:38 pm",
    "send_date": "2021-02-16T00:00:00.000Z",
    "send_date_format": "16/02/2021",
    "isSend": false,
    "send_msg": "Hi Pinky",
    "msg_readed": false,
    "uuid": "b25c5c45-fed0-4366-ba5f-e8ea80e9b5f4",
    "time_order": 1613477328098,
    "isCreate": "2021-02-16T12:08:48.098Z",
    "id": "602bb5d019f078644abe9315",
    "chatListId": "602bb5d019f078644abe9313"
  },
  {
    "send_time": "05:38 pm",
    "send_date": "2021-02-16T00:00:00.000Z",
    "send_date_format": "16/02/2021",
    "isSend": true,
    "send_msg": "You there ",
    "msg_readed": true,
    "uuid": "f520761d-2a89-482c-9dd6-94f7d67acb56",
    "time_order": 1613477331532,
    "isCreate": "2021-02-16T12:08:51.532Z",
    "id": "602bb5d319f078644abe9316",
    "chatListId": "602bb5d019f078644abe9312"
  },
  {
    "send_time": "05:38 pm",
    "send_date": "2021-02-16T00:00:00.000Z",
    "send_date_format": "16/02/2021",
    "isSend": false,
    "send_msg": "You there ",
    "msg_readed": false,
    "uuid": "eb1b324a-7bfe-479e-9e97-c6740018723e",
    "time_order": 1613477331535,
    "isCreate": "2021-02-16T12:08:51.535Z",
    "id": "602bb5d319f078644abe9317",
    "chatListId": "602bb5d019f078644abe9313"
  },
  {
    "send_time": "05:47 pm",
    "send_date": "2021-02-16T00:00:00.000Z",
    "send_date_format": "16/02/2021",
    "isSend": true,
    "send_msg": "Hi",
    "msg_readed": true,
    "uuid": "cc9bc81b-8b63-45f3-b895-a50607758e0b",
    "time_order": 1613477848161,
    "isCreate": "2021-02-16T12:17:28.162Z",
    "id": "602bb7d819f078644abe931c",
    "chatListId": "602bb7d819f078644abe931a"
  },
  {
    "send_time": "05:47 pm",
    "send_date": "2021-02-16T00:00:00.000Z",
    "send_date_format": "16/02/2021",
    "isSend": false,
    "send_msg": "Hi",
    "msg_readed": true,
    "uuid": "63f0d00c-0794-47f8-aa40-cfca8588c3a1",
    "time_order": 1613477848164,
    "isCreate": "2021-02-16T12:17:28.164Z",
    "id": "602bb7d819f078644abe931d",
    "chatListId": "602bb7d819f078644abe931b"
  },
  {
    "send_time": "05:47 pm",
    "send_date": "2021-02-16T00:00:00.000Z",
    "send_date_format": "16/02/2021",
    "isSend": true,
    "send_msg": "Still the keyboard is disappearing ",
    "msg_readed": true,
    "uuid": "7f4519fb-f794-433d-91cd-12d44626ddaa",
    "time_order": 1613477862222,
    "isCreate": "2021-02-16T12:17:42.222Z",
    "id": "602bb7e619f078644abe931e",
    "chatListId": "602bb7d819f078644abe931a"
  },
  {
    "send_time": "05:47 pm",
    "send_date": "2021-02-16T00:00:00.000Z",
    "send_date_format": "16/02/2021",
    "isSend": false,
    "send_msg": "Still the keyboard is disappearing ",
    "msg_readed": true,
    "uuid": "900033bd-539c-440f-8bf2-62f8d12fd330",
    "time_order": 1613477862226,
    "isCreate": "2021-02-16T12:17:42.226Z",
    "id": "602bb7e619f078644abe931f",
    "chatListId": "602bb7d819f078644abe931b"
  },
  {
    "send_time": "05:48 pm",
    "send_date": "2021-02-16T00:00:00.000Z",
    "send_date_format": "16/02/2021",
    "isSend": true,
    "send_msg": "how are you typing then",
    "msg_readed": true,
    "uuid": "c1ee79ed-03f9-47ef-9fac-2376e31c1c4a",
    "time_order": 1613477903029,
    "isCreate": "2021-02-16T12:18:23.029Z",
    "id": "602bb80f19f078644abe9321",
    "chatListId": "602bb7d819f078644abe931b"
  },
  {
    "send_time": "05:48 pm",
    "send_date": "2021-02-16T00:00:00.000Z",
    "send_date_format": "16/02/2021",
    "isSend": false,
    "send_msg": "how are you typing then",
    "msg_readed": true,
    "uuid": "99a5e2d9-38e6-4081-b8b5-43aad13df26a",
    "time_order": 1613477903031,
    "isCreate": "2021-02-16T12:18:23.031Z",
    "id": "602bb80f19f078644abe9322",
    "chatListId": "602bb7d819f078644abe931a"
  },
  {
    "send_time": "05:48 pm",
    "send_date": "2021-02-16T00:00:00.000Z",
    "send_date_format": "16/02/2021",
    "isSend": true,
    "send_msg": "I mean it is there ",
    "msg_readed": true,
    "uuid": "5fbdf120-0e7e-45f4-941b-6b1b42ea4f49",
    "time_order": 1613477915264,
    "isCreate": "2021-02-16T12:18:35.264Z",
    "id": "602bb81b19f078644abe9323",
    "chatListId": "602bb7d819f078644abe931a"
  },
  {
    "send_time": "05:48 pm",
    "send_date": "2021-02-16T00:00:00.000Z",
    "send_date_format": "16/02/2021",
    "isSend": false,
    "send_msg": "I mean it is there ",
    "msg_readed": true,
    "uuid": "8d27898e-6a19-41ab-ac7f-8245feb8f00c",
    "time_order": 1613477915267,
    "isCreate": "2021-02-16T12:18:35.267Z",
    "id": "602bb81b19f078644abe9324",
    "chatListId": "602bb7d819f078644abe931b"
  },
  {
    "send_time": "05:48 pm",
    "send_date": "2021-02-16T00:00:00.000Z",
    "send_date_format": "16/02/2021",
    "isSend": true,
    "send_msg": "Then after sending it goes away ",
    "msg_readed": true,
    "uuid": "64c7841d-cbdb-4b9c-ba2a-7a97c5649763",
    "time_order": 1613477927260,
    "isCreate": "2021-02-16T12:18:47.260Z",
    "id": "602bb82719f078644abe9325",
    "chatListId": "602bb7d819f078644abe931a"
  },
  {
    "send_time": "05:48 pm",
    "send_date": "2021-02-16T00:00:00.000Z",
    "send_date_format": "16/02/2021",
    "isSend": false,
    "send_msg": "Then after sending it goes away ",
    "msg_readed": true,
    "uuid": "7b60aeec-6d08-4153-9427-b4ecdbe763ea",
    "time_order": 1613477927262,
    "isCreate": "2021-02-16T12:18:47.262Z",
    "id": "602bb82719f078644abe9326",
    "chatListId": "602bb7d819f078644abe931b"
  },
  {
    "send_time": "05:48 pm",
    "send_date": "2021-02-16T00:00:00.000Z",
    "send_date_format": "16/02/2021",
    "isSend": true,
    "send_msg": "yea",
    "msg_readed": true,
    "uuid": "4d08029d-284c-499a-90b4-51f49d03fb9a",
    "time_order": 1613477934036,
    "isCreate": "2021-02-16T12:18:54.036Z",
    "id": "602bb82e19f078644abe9327",
    "chatListId": "602bb7d819f078644abe931b"
  },
  {
    "send_time": "05:48 pm",
    "send_date": "2021-02-16T00:00:00.000Z",
    "send_date_format": "16/02/2021",
    "isSend": false,
    "send_msg": "yea",
    "msg_readed": true,
    "uuid": "7c02a726-43ab-490d-9c89-28593c890ab8",
    "time_order": 1613477934038,
    "isCreate": "2021-02-16T12:18:54.038Z",
    "id": "602bb82e19f078644abe9328",
    "chatListId": "602bb7d819f078644abe931a"
  },
  {
    "send_time": "05:49 pm",
    "send_date": "2021-02-16T00:00:00.000Z",
    "send_date_format": "16/02/2021",
    "isSend": false,
    "send_msg": "Still the reply button isn't there ",
    "msg_readed": true,
    "uuid": "e4401b80-8cde-4ed7-9016-a78abc6148bd",
    "time_order": 1613477943227,
    "isCreate": "2021-02-16T12:19:03.227Z",
    "id": "602bb83719f078644abe9329",
    "chatListId": "602bb7d819f078644abe931b"
  },
  {
    "send_time": "05:49 pm",
    "send_date": "2021-02-16T00:00:00.000Z",
    "send_date_format": "16/02/2021",
    "isSend": true,
    "send_msg": "Still the reply button isn't there ",
    "msg_readed": true,
    "uuid": "f077408c-36b6-4420-9d77-547974d8996b",
    "time_order": 1613477943228,
    "isCreate": "2021-02-16T12:19:03.228Z",
    "id": "602bb83719f078644abe932a",
    "chatListId": "602bb7d819f078644abe931a"
  },
  {
    "send_time": "05:49 pm",
    "send_date": "2021-02-16T00:00:00.000Z",
    "send_date_format": "16/02/2021",
    "isSend": true,
    "send_msg": "I sent you a friend request ",
    "msg_readed": true,
    "uuid": "21441e9a-9b56-4457-85d5-6b724c1e5b9c",
    "time_order": 1613477952290,
    "isCreate": "2021-02-16T12:19:12.290Z",
    "id": "602bb84019f078644abe932b",
    "chatListId": "602bb7d819f078644abe931a"
  },
  {
    "send_time": "05:49 pm",
    "send_date": "2021-02-16T00:00:00.000Z",
    "send_date_format": "16/02/2021",
    "isSend": false,
    "send_msg": "I sent you a friend request ",
    "msg_readed": true,
    "uuid": "11f1fe79-26ce-48f3-b6ba-b0a313e8f192",
    "time_order": 1613477952293,
    "isCreate": "2021-02-16T12:19:12.293Z",
    "id": "602bb84019f078644abe932c",
    "chatListId": "602bb7d819f078644abe931b"
  },
  {
    "send_time": "05:49 pm",
    "send_date": "2021-02-16T00:00:00.000Z",
    "send_date_format": "16/02/2021",
    "isSend": true,
    "send_msg": "yep  its a slight inconvenience, if i want to continue talking",
    "msg_readed": true,
    "uuid": "5c163ddc-5b47-4146-9f66-5fa890bac87d",
    "time_order": 1613477959355,
    "isCreate": "2021-02-16T12:19:19.355Z",
    "id": "602bb84719f078644abe932d",
    "chatListId": "602bb7d819f078644abe931b"
  },
  {
    "send_time": "05:49 pm",
    "send_date": "2021-02-16T00:00:00.000Z",
    "send_date_format": "16/02/2021",
    "isSend": false,
    "send_msg": "yep  its a slight inconvenience, if i want to continue talking",
    "msg_readed": true,
    "uuid": "ebb2f154-08d9-4ea5-9a2a-664f85c85aa2",
    "time_order": 1613477959358,
    "isCreate": "2021-02-16T12:19:19.358Z",
    "id": "602bb84719f078644abe932e",
    "chatListId": "602bb7d819f078644abe931a"
  },
  {
    "send_time": "05:49 pm",
    "send_date": "2021-02-16T00:00:00.000Z",
    "send_date_format": "16/02/2021",
    "isSend": false,
    "send_msg": "Did you get anything? ",
    "msg_readed": true,
    "uuid": "16d88f42-921e-4ab7-8528-8e95ad77b9ac",
    "time_order": 1613477963345,
    "isCreate": "2021-02-16T12:19:23.345Z",
    "id": "602bb84b19f078644abe932f",
    "chatListId": "602bb7d819f078644abe931b"
  },
  {
    "send_time": "05:49 pm",
    "send_date": "2021-02-16T00:00:00.000Z",
    "send_date_format": "16/02/2021",
    "isSend": true,
    "send_msg": "Did you get anything? ",
    "msg_readed": true,
    "uuid": "5710072b-f2a3-43d1-bf78-71fe69f5e31c",
    "time_order": 1613477963346,
    "isCreate": "2021-02-16T12:19:23.346Z",
    "id": "602bb84b19f078644abe9330",
    "chatListId": "602bb7d819f078644abe931a"
  },
  {
    "send_time": "05:49 pm",
    "send_date": "2021-02-16T00:00:00.000Z",
    "send_date_format": "16/02/2021",
    "isSend": true,
    "send_msg": "no",
    "msg_readed": true,
    "uuid": "ef6ce36f-9cc2-4787-9951-2e6aed916b65",
    "time_order": 1613477974285,
    "isCreate": "2021-02-16T12:19:34.286Z",
    "id": "602bb85619f078644abe9331",
    "chatListId": "602bb7d819f078644abe931b"
  },
  {
    "send_time": "05:49 pm",
    "send_date": "2021-02-16T00:00:00.000Z",
    "send_date_format": "16/02/2021",
    "isSend": false,
    "send_msg": "no",
    "msg_readed": true,
    "uuid": "8de91333-a101-4eba-af37-be94c7ce4e09",
    "time_order": 1613477974289,
    "isCreate": "2021-02-16T12:19:34.289Z",
    "id": "602bb85619f078644abe9332",
    "chatListId": "602bb7d819f078644abe931a"
  },
  {
    "send_time": "05:49 pm",
    "send_date": "2021-02-16T00:00:00.000Z",
    "send_date_format": "16/02/2021",
    "isSend": true,
    "send_msg": "Which one? Inconvenience? ",
    "msg_readed": true,
    "uuid": "8ab699f9-46d1-4f37-86fd-27715627c580",
    "time_order": 1613477978788,
    "isCreate": "2021-02-16T12:19:38.788Z",
    "id": "602bb85a19f078644abe9333",
    "chatListId": "602bb7d819f078644abe931a"
  },
  {
    "send_time": "05:49 pm",
    "send_date": "2021-02-16T00:00:00.000Z",
    "send_date_format": "16/02/2021",
    "isSend": false,
    "send_msg": "Which one? Inconvenience? ",
    "msg_readed": true,
    "uuid": "d721ea2e-81c9-4ef4-a2bc-795689876599",
    "time_order": 1613477978792,
    "isCreate": "2021-02-16T12:19:38.792Z",
    "id": "602bb85a19f078644abe9334",
    "chatListId": "602bb7d819f078644abe931b"
  },
  {
    "send_time": "05:49 pm",
    "send_date": "2021-02-16T00:00:00.000Z",
    "send_date_format": "16/02/2021",
    "isSend": true,
    "send_msg": "the keyboard disappearing",
    "msg_readed": true,
    "uuid": "26ce69e5-e796-4a92-aeec-97fb5ae826c4",
    "time_order": 1613477990967,
    "isCreate": "2021-02-16T12:19:50.967Z",
    "id": "602bb86619f078644abe9335",
    "chatListId": "602bb7d819f078644abe931b"
  },
  {
    "send_time": "05:49 pm",
    "send_date": "2021-02-16T00:00:00.000Z",
    "send_date_format": "16/02/2021",
    "isSend": false,
    "send_msg": "the keyboard disappearing",
    "msg_readed": true,
    "uuid": "cee2e77e-fe53-4ff2-a2cd-159a0ce10986",
    "time_order": 1613477990970,
    "isCreate": "2021-02-16T12:19:50.970Z",
    "id": "602bb86619f078644abe9336",
    "chatListId": "602bb7d819f078644abe931a"
  },
  {
    "send_time": "05:50 pm",
    "send_date": "2021-02-16T00:00:00.000Z",
    "send_date_format": "16/02/2021",
    "isSend": true,
    "send_msg": "Yea na",
    "msg_readed": true,
    "uuid": "ded9747c-490a-483e-b7fb-72bd6deedbbc",
    "time_order": 1613478020473,
    "isCreate": "2021-02-16T12:20:20.473Z",
    "id": "602bb88419f078644abe9337",
    "chatListId": "602bb7d819f078644abe931a"
  },
  {
    "send_time": "05:50 pm",
    "send_date": "2021-02-16T00:00:00.000Z",
    "send_date_format": "16/02/2021",
    "isSend": false,
    "send_msg": "Yea na",
    "msg_readed": true,
    "uuid": "3d5c19c4-022d-4234-b331-0089e24aea71",
    "time_order": 1613478020477,
    "isCreate": "2021-02-16T12:20:20.477Z",
    "id": "602bb88419f078644abe9338",
    "chatListId": "602bb7d819f078644abe931b"
  },
  {
    "send_time": "05:50 pm",
    "send_date": "2021-02-16T00:00:00.000Z",
    "send_date_format": "16/02/2021",
    "isSend": true,
    "send_msg": "It gets irritating very quickly ",
    "msg_readed": true,
    "uuid": "8bb66331-aed4-47d7-90d2-c04d96e92945",
    "time_order": 1613478028701,
    "isCreate": "2021-02-16T12:20:28.701Z",
    "id": "602bb88c19f078644abe9339",
    "chatListId": "602bb7d819f078644abe931a"
  },
  {
    "send_time": "05:50 pm",
    "send_date": "2021-02-16T00:00:00.000Z",
    "send_date_format": "16/02/2021",
    "isSend": false,
    "send_msg": "It gets irritating very quickly ",
    "msg_readed": true,
    "uuid": "708c0261-ef09-41da-8c6b-f586a3b7c4f6",
    "time_order": 1613478028703,
    "isCreate": "2021-02-16T12:20:28.703Z",
    "id": "602bb88c19f078644abe933a",
    "chatListId": "602bb7d819f078644abe931b"
  },
  {
    "send_time": "05:50 pm",
    "send_date": "2021-02-16T00:00:00.000Z",
    "send_date_format": "16/02/2021",
    "isSend": false,
    "send_msg": "? ",
    "msg_readed": true,
    "uuid": "9259ea23-4d4e-448f-9207-cbf306874c7d",
    "time_order": 1613478045812,
    "isCreate": "2021-02-16T12:20:45.812Z",
    "id": "602bb89d19f078644abe933b",
    "chatListId": "602b55a419f078644abe92b6"
  },
  {
    "send_time": "05:50 pm",
    "send_date": "2021-02-16T00:00:00.000Z",
    "send_date_format": "16/02/2021",
    "isSend": true,
    "send_msg": "? ",
    "msg_readed": true,
    "uuid": "bf310433-c587-44b8-956e-c2164854d8a7",
    "time_order": 1613478045816,
    "isCreate": "2021-02-16T12:20:45.816Z",
    "id": "602bb89d19f078644abe933c",
    "chatListId": "602b55a419f078644abe92b4"
  },
  {
    "send_time": "05:51 pm",
    "send_date": "2021-02-16T00:00:00.000Z",
    "send_date_format": "16/02/2021",
    "isSend": true,
    "send_msg": "Try sending me a friend request na please ",
    "msg_readed": true,
    "uuid": "355264c4-3c4c-4472-ba33-7675a909dd29",
    "time_order": 1613478065915,
    "isCreate": "2021-02-16T12:21:05.915Z",
    "id": "602bb8b119f078644abe933d",
    "chatListId": "602bb7d819f078644abe931a"
  },
  {
    "send_time": "05:51 pm",
    "send_date": "2021-02-16T00:00:00.000Z",
    "send_date_format": "16/02/2021",
    "isSend": false,
    "send_msg": "Try sending me a friend request na please ",
    "msg_readed": true,
    "uuid": "4ad19492-d501-420d-b5c1-579deed0be1e",
    "time_order": 1613478065918,
    "isCreate": "2021-02-16T12:21:05.918Z",
    "id": "602bb8b119f078644abe933e",
    "chatListId": "602bb7d819f078644abe931b"
  },
  {
    "send_time": "05:51 pm",
    "send_date": "2021-02-16T00:00:00.000Z",
    "send_date_format": "16/02/2021",
    "isSend": true,
    "send_msg": "how",
    "msg_readed": true,
    "uuid": "261ff9e8-fa24-4133-ba24-a87155eb30e8",
    "time_order": 1613478107515,
    "isCreate": "2021-02-16T12:21:47.515Z",
    "id": "602bb8db19f078644abe933f",
    "chatListId": "602bb7d819f078644abe931b"
  },
  {
    "send_time": "05:51 pm",
    "send_date": "2021-02-16T00:00:00.000Z",
    "send_date_format": "16/02/2021",
    "isSend": false,
    "send_msg": "how",
    "msg_readed": true,
    "uuid": "87188afe-15e1-490e-8cf0-cc6375538c86",
    "time_order": 1613478107518,
    "isCreate": "2021-02-16T12:21:47.518Z",
    "id": "602bb8db19f078644abe9340",
    "chatListId": "602bb7d819f078644abe931a"
  },
  {
    "send_time": "05:52 pm",
    "send_date": "2021-02-16T00:00:00.000Z",
    "send_date_format": "16/02/2021",
    "isSend": true,
    "send_msg": "Go to userlist on the homepage ",
    "msg_readed": true,
    "uuid": "f2f3a5d2-19ea-41ff-bf41-9fd15281a698",
    "time_order": 1613478145080,
    "isCreate": "2021-02-16T12:22:25.080Z",
    "id": "602bb90119f078644abe9341",
    "chatListId": "602bb7d819f078644abe931a"
  },
  {
    "send_time": "05:52 pm",
    "send_date": "2021-02-16T00:00:00.000Z",
    "send_date_format": "16/02/2021",
    "isSend": false,
    "send_msg": "Go to userlist on the homepage ",
    "msg_readed": true,
    "uuid": "f4713e87-55b2-4eb3-b1c3-92edacc2508d",
    "time_order": 1613478145084,
    "isCreate": "2021-02-16T12:22:25.084Z",
    "id": "602bb90119f078644abe9342",
    "chatListId": "602bb7d819f078644abe931b"
  },
  {
    "send_time": "05:52 pm",
    "send_date": "2021-02-16T00:00:00.000Z",
    "send_date_format": "16/02/2021",
    "isSend": true,
    "send_msg": "Click on my name ",
    "msg_readed": true,
    "uuid": "56aaf270-8d50-481e-b5f8-f41a7e956fd0",
    "time_order": 1613478152840,
    "isCreate": "2021-02-16T12:22:32.841Z",
    "id": "602bb90819f078644abe9343",
    "chatListId": "602bb7d819f078644abe931a"
  },
  {
    "send_time": "05:52 pm",
    "send_date": "2021-02-16T00:00:00.000Z",
    "send_date_format": "16/02/2021",
    "isSend": false,
    "send_msg": "Click on my name ",
    "msg_readed": true,
    "uuid": "88eef9b1-9d58-4c62-b5b5-0f0cbfc99155",
    "time_order": 1613478152844,
    "isCreate": "2021-02-16T12:22:32.844Z",
    "id": "602bb90819f078644abe9344",
    "chatListId": "602bb7d819f078644abe931b"
  },
  {
    "send_time": "05:52 pm",
    "send_date": "2021-02-16T00:00:00.000Z",
    "send_date_format": "16/02/2021",
    "isSend": true,
    "send_msg": "You will see different options ",
    "msg_readed": true,
    "uuid": "3f769b28-714f-49fc-93f3-0a5902424b08",
    "time_order": 1613478162642,
    "isCreate": "2021-02-16T12:22:42.642Z",
    "id": "602bb91219f078644abe9345",
    "chatListId": "602bb7d819f078644abe931a"
  },
  {
    "send_time": "05:52 pm",
    "send_date": "2021-02-16T00:00:00.000Z",
    "send_date_format": "16/02/2021",
    "isSend": false,
    "send_msg": "You will see different options ",
    "msg_readed": true,
    "uuid": "cc59c8cd-a267-43a7-b517-e274e2367ccd",
    "time_order": 1613478162647,
    "isCreate": "2021-02-16T12:22:42.648Z",
    "id": "602bb91219f078644abe9346",
    "chatListId": "602bb7d819f078644abe931b"
  },
  {
    "send_time": "05:53 pm",
    "send_date": "2021-02-16T00:00:00.000Z",
    "send_date_format": "16/02/2021",
    "isSend": true,
    "send_msg": "sent the request ",
    "msg_readed": true,
    "uuid": "9f1e1a8c-9c4b-4c5d-a600-b2287600f68d",
    "time_order": 1613478209272,
    "isCreate": "2021-02-16T12:23:29.272Z",
    "id": "602bb94119f078644abe9348",
    "chatListId": "602bb7d819f078644abe931b"
  },
  {
    "send_time": "05:53 pm",
    "send_date": "2021-02-16T00:00:00.000Z",
    "send_date_format": "16/02/2021",
    "isSend": false,
    "send_msg": "sent the request ",
    "msg_readed": true,
    "uuid": "c818a280-6116-4cdf-9c59-dab8dd018ab8",
    "time_order": 1613478209275,
    "isCreate": "2021-02-16T12:23:29.275Z",
    "id": "602bb94119f078644abe9349",
    "chatListId": "602bb7d819f078644abe931a"
  },
  {
    "send_time": "05:54 pm",
    "send_date": "2021-02-16T00:00:00.000Z",
    "send_date_format": "16/02/2021",
    "isSend": false,
    "send_msg": "Then add me as a friend ",
    "msg_readed": true,
    "uuid": "077b789e-29a6-4e82-9c2b-9e5e87eedacd",
    "time_order": 1613478258889,
    "isCreate": "2021-02-16T12:24:18.889Z",
    "id": "602bb97219f078644abe934a",
    "chatListId": "602bb7d819f078644abe931b"
  },
  {
    "send_time": "05:54 pm",
    "send_date": "2021-02-16T00:00:00.000Z",
    "send_date_format": "16/02/2021",
    "isSend": true,
    "send_msg": "Then add me as a friend ",
    "msg_readed": true,
    "uuid": "d2930f65-bf0d-4562-9e50-9253060f932e",
    "time_order": 1613478258891,
    "isCreate": "2021-02-16T12:24:18.891Z",
    "id": "602bb97219f078644abe934b",
    "chatListId": "602bb7d819f078644abe931a"
  },
  {
    "send_time": "05:55 pm",
    "send_date": "2021-02-16T00:00:00.000Z",
    "send_date_format": "16/02/2021",
    "isSend": true,
    "send_msg": "Okay it doesn't work ",
    "msg_readed": true,
    "uuid": "1001b2de-cb6d-4dfb-b46f-8a247ef6d1de",
    "time_order": 1613478335730,
    "isCreate": "2021-02-16T12:25:35.730Z",
    "id": "602bb9bf19f078644abe934c",
    "chatListId": "602bb7d819f078644abe931a"
  },
  {
    "send_time": "05:55 pm",
    "send_date": "2021-02-16T00:00:00.000Z",
    "send_date_format": "16/02/2021",
    "isSend": false,
    "send_msg": "Okay it doesn't work ",
    "msg_readed": true,
    "uuid": "f3fcfee8-6918-4632-b6e1-d12f6a765fed",
    "time_order": 1613478335734,
    "isCreate": "2021-02-16T12:25:35.734Z",
    "id": "602bb9bf19f078644abe934d",
    "chatListId": "602bb7d819f078644abe931b"
  },
  {
    "send_time": "05:55 pm",
    "send_date": "2021-02-16T00:00:00.000Z",
    "send_date_format": "16/02/2021",
    "isSend": true,
    "send_msg": "🙄",
    "msg_readed": true,
    "uuid": "78b2965e-f72f-450d-aae3-0d21cbd6c36e",
    "time_order": 1613478342111,
    "isCreate": "2021-02-16T12:25:42.111Z",
    "id": "602bb9c619f078644abe934e",
    "chatListId": "602bb7d819f078644abe931a"
  },
  {
    "send_time": "05:55 pm",
    "send_date": "2021-02-16T00:00:00.000Z",
    "send_date_format": "16/02/2021",
    "isSend": false,
    "send_msg": "🙄",
    "msg_readed": true,
    "uuid": "d34814b6-4dc0-466e-9b79-175a40e165e9",
    "time_order": 1613478342115,
    "isCreate": "2021-02-16T12:25:42.115Z",
    "id": "602bb9c619f078644abe934f",
    "chatListId": "602bb7d819f078644abe931b"
  },
  {
    "send_time": "05:56 pm",
    "send_date": "2021-02-16T00:00:00.000Z",
    "send_date_format": "16/02/2021",
    "isSend": true,
    "send_msg": "i did",
    "msg_readed": true,
    "uuid": "009cdf42-c420-455e-8bd6-334206d6ecd4",
    "time_order": 1613478384997,
    "isCreate": "2021-02-16T12:26:24.997Z",
    "id": "602bb9f019f078644abe9350",
    "chatListId": "602bb7d819f078644abe931b"
  },
  {
    "send_time": "05:56 pm",
    "send_date": "2021-02-16T00:00:00.000Z",
    "send_date_format": "16/02/2021",
    "isSend": false,
    "send_msg": "i did",
    "msg_readed": true,
    "uuid": "11856d8b-487f-4f9a-9b53-21da03f4c4e8",
    "time_order": 1613478385001,
    "isCreate": "2021-02-16T12:26:25.001Z",
    "id": "602bb9f119f078644abe9351",
    "chatListId": "602bb7d819f078644abe931a"
  },
  {
    "send_time": "05:56 pm",
    "send_date": "2021-02-16T00:00:00.000Z",
    "send_date_format": "16/02/2021",
    "isSend": true,
    "send_msg": "I didn't get any request ",
    "msg_readed": true,
    "uuid": "885d4dfb-9c6b-41d8-aab9-c86d9896b709",
    "time_order": 1613478402269,
    "isCreate": "2021-02-16T12:26:42.270Z",
    "id": "602bba0219f078644abe9352",
    "chatListId": "602bb7d819f078644abe931a"
  },
  {
    "send_time": "05:56 pm",
    "send_date": "2021-02-16T00:00:00.000Z",
    "send_date_format": "16/02/2021",
    "isSend": false,
    "send_msg": "I didn't get any request ",
    "msg_readed": true,
    "uuid": "4ecaf4c4-9b7b-4c26-bca9-e33dd8634fd3",
    "time_order": 1613478402276,
    "isCreate": "2021-02-16T12:26:42.276Z",
    "id": "602bba0219f078644abe9353",
    "chatListId": "602bb7d819f078644abe931b"
  },
  {
    "send_time": "06:08 pm",
    "send_date": "2021-02-16T00:00:00.000Z",
    "send_date_format": "16/02/2021",
    "isSend": true,
    "send_msg": "Okay you have to click on the bell icon on top",
    "msg_readed": true,
    "uuid": "402524bd-2cea-4995-9785-5bc84a69f88b",
    "time_order": 1613479122030,
    "isCreate": "2021-02-16T12:38:42.030Z",
    "id": "602bbcd219f078644abe9356",
    "chatListId": "602bb7d819f078644abe931a"
  },
  {
    "send_time": "06:08 pm",
    "send_date": "2021-02-16T00:00:00.000Z",
    "send_date_format": "16/02/2021",
    "isSend": false,
    "send_msg": "Okay you have to click on the bell icon on top",
    "msg_readed": true,
    "uuid": "2b08c387-d3ac-4304-87ab-3ba9492ed6f5",
    "time_order": 1613479122033,
    "isCreate": "2021-02-16T12:38:42.033Z",
    "id": "602bbcd219f078644abe9357",
    "chatListId": "602bb7d819f078644abe931b"
  },
  {
    "send_time": "06:19 pm",
    "send_date": "2021-02-16T00:00:00.000Z",
    "send_date_format": "16/02/2021",
    "isSend": true,
    "send_msg": "??",
    "msg_readed": true,
    "uuid": "070a848d-68c4-470b-b4cc-16b480777bec",
    "time_order": 1613479791923,
    "isCreate": "2021-02-16T12:49:51.923Z",
    "id": "602bbf6f19f078644abe9358",
    "chatListId": "602bb7d819f078644abe931b"
  },
  {
    "send_time": "06:19 pm",
    "send_date": "2021-02-16T00:00:00.000Z",
    "send_date_format": "16/02/2021",
    "isSend": false,
    "send_msg": "??",
    "msg_readed": true,
    "uuid": "df1d0e5e-2ad0-4e98-a0f6-d9e780ae4a2f",
    "time_order": 1613479791926,
    "isCreate": "2021-02-16T12:49:51.927Z",
    "id": "602bbf6f19f078644abe9359",
    "chatListId": "602bb7d819f078644abe931a"
  },
  {
    "send_time": "06:22 pm",
    "send_date": "2021-02-16T00:00:00.000Z",
    "send_date_format": "16/02/2021",
    "isSend": true,
    "send_msg": "got it",
    "msg_readed": true,
    "uuid": "0c4758a9-2f0d-4607-8e3d-a06ef7d759f8",
    "time_order": 1613479957953,
    "isCreate": "2021-02-16T12:52:37.953Z",
    "id": "602bc01519f078644abe935e",
    "chatListId": "602bb7d819f078644abe931b"
  },
  {
    "send_time": "06:22 pm",
    "send_date": "2021-02-16T00:00:00.000Z",
    "send_date_format": "16/02/2021",
    "isSend": false,
    "send_msg": "got it",
    "msg_readed": true,
    "uuid": "03303d64-3eba-4985-8b1b-0307f5e2a970",
    "time_order": 1613479957956,
    "isCreate": "2021-02-16T12:52:37.956Z",
    "id": "602bc01519f078644abe935f",
    "chatListId": "602bb7d819f078644abe931a"
  },
  {
    "send_time": "06:22 pm",
    "send_date": "2021-02-16T00:00:00.000Z",
    "send_date_format": "16/02/2021",
    "isSend": true,
    "send_msg": "accepted now",
    "msg_readed": true,
    "uuid": "6acd1edc-327b-48d4-9586-d1cfefde5a21",
    "time_order": 1613479962513,
    "isCreate": "2021-02-16T12:52:42.513Z",
    "id": "602bc01a19f078644abe9360",
    "chatListId": "602bb7d819f078644abe931b"
  },
  {
    "send_time": "06:22 pm",
    "send_date": "2021-02-16T00:00:00.000Z",
    "send_date_format": "16/02/2021",
    "isSend": false,
    "send_msg": "accepted now",
    "msg_readed": true,
    "uuid": "2937baf0-37a8-4cdb-ac17-285a6ffc025f",
    "time_order": 1613479962517,
    "isCreate": "2021-02-16T12:52:42.517Z",
    "id": "602bc01a19f078644abe9361",
    "chatListId": "602bb7d819f078644abe931a"
  },
  {
    "send_time": "06:25 pm",
    "send_date": "2021-02-16T00:00:00.000Z",
    "send_date_format": "16/02/2021",
    "isSend": true,
    "send_msg": "Great ",
    "msg_readed": true,
    "uuid": "6dfe52ba-ac27-43c2-bf96-84e12370e0f9",
    "time_order": 1613480123660,
    "isCreate": "2021-02-16T12:55:23.660Z",
    "id": "602bc0bb19f078644abe9362",
    "chatListId": "602bb7d819f078644abe931a"
  },
  {
    "send_time": "06:25 pm",
    "send_date": "2021-02-16T00:00:00.000Z",
    "send_date_format": "16/02/2021",
    "isSend": false,
    "send_msg": "Great ",
    "msg_readed": true,
    "uuid": "7b232524-2dd8-44b4-9f1c-8e7ea93f79bb",
    "time_order": 1613480123663,
    "isCreate": "2021-02-16T12:55:23.663Z",
    "id": "602bc0bb19f078644abe9363",
    "chatListId": "602bb7d819f078644abe931b"
  },
  {
    "send_time": "06:25 pm",
    "send_date": "2021-02-16T00:00:00.000Z",
    "send_date_format": "16/02/2021",
    "isSend": true,
    "send_msg": "👍",
    "msg_readed": true,
    "uuid": "9c5ee331-4e24-4080-9c10-5ac06adc6275",
    "time_order": 1613480126453,
    "isCreate": "2021-02-16T12:55:26.453Z",
    "id": "602bc0be19f078644abe9364",
    "chatListId": "602bb7d819f078644abe931a"
  },
  {
    "send_time": "06:25 pm",
    "send_date": "2021-02-16T00:00:00.000Z",
    "send_date_format": "16/02/2021",
    "isSend": false,
    "send_msg": "👍",
    "msg_readed": true,
    "uuid": "ea367eb4-4d16-466f-a005-2474e7729ab8",
    "time_order": 1613480126456,
    "isCreate": "2021-02-16T12:55:26.456Z",
    "id": "602bc0be19f078644abe9365",
    "chatListId": "602bb7d819f078644abe931b"
  },
  {
    "send_time": "06:49 pm",
    "send_date": "2021-02-16T00:00:00.000Z",
    "send_date_format": "16/02/2021",
    "isSend": true,
    "send_msg": "hii",
    "msg_readed": true,
    "uuid": "bbaa9044-ba79-481f-996f-6c9cc5e89097",
    "time_order": 1613481556363,
    "isCreate": "2021-02-16T13:19:16.364Z",
    "id": "602bc65419f078644abe9367",
    "chatListId": "602bc65419f078644abe9366"
  },
  {
    "send_time": "06:49 pm",
    "send_date": "2021-02-16T00:00:00.000Z",
    "send_date_format": "16/02/2021",
    "isSend": false,
    "send_msg": "hii",
    "msg_readed": true,
    "uuid": "02e82e27-a8df-4f22-b91a-d26dbc41f778",
    "time_order": 1613481556371,
    "isCreate": "2021-02-16T13:19:16.372Z",
    "id": "602bc65419f078644abe9369",
    "chatListId": "602bc65419f078644abe9368"
  },
  {
    "send_time": "11:37 am",
    "send_date": "2021-02-17T00:00:00.000Z",
    "send_date_format": "17/02/2021",
    "isSend": true,
    "send_msg": "Hi",
    "msg_readed": true,
    "uuid": "857fb820-f43d-47e5-91eb-c967a71c4276",
    "time_order": 1613542041886,
    "isCreate": "2021-02-17T06:07:21.886Z",
    "id": "602cb29919f078644abe936a",
    "chatListId": "602bc65419f078644abe9368"
  },
  {
    "send_time": "11:37 am",
    "send_date": "2021-02-17T00:00:00.000Z",
    "send_date_format": "17/02/2021",
    "isSend": false,
    "send_msg": "Hi",
    "msg_readed": true,
    "uuid": "0a28cb95-13cb-4574-b882-1004de882434",
    "time_order": 1613542041889,
    "isCreate": "2021-02-17T06:07:21.889Z",
    "id": "602cb29919f078644abe936b",
    "chatListId": "602bc65419f078644abe9366"
  },
  {
    "send_time": "12:54 pm",
    "send_date": "2021-02-17T00:00:00.000Z",
    "send_date_format": "17/02/2021",
    "isSend": true,
    "send_msg": "pls check your bell icon",
    "msg_readed": true,
    "uuid": "47aa7f66-401a-449a-9044-7bebf9377a6c",
    "time_order": 1613546691206,
    "isCreate": "2021-02-17T07:24:51.207Z",
    "id": "602cc4c319f078644abe936c",
    "chatListId": "602bc65419f078644abe9366"
  },
  {
    "send_time": "12:54 pm",
    "send_date": "2021-02-17T00:00:00.000Z",
    "send_date_format": "17/02/2021",
    "isSend": false,
    "send_msg": "pls check your bell icon",
    "msg_readed": true,
    "uuid": "1dbbe9ac-686c-4cbd-8f51-65232c30cc30",
    "time_order": 1613546691210,
    "isCreate": "2021-02-17T07:24:51.211Z",
    "id": "602cc4c319f078644abe936d",
    "chatListId": "602bc65419f078644abe9368"
  },
  {
    "send_time": "12:55 pm",
    "send_date": "2021-02-17T00:00:00.000Z",
    "send_date_format": "17/02/2021",
    "isSend": true,
    "send_msg": "i send a friend request ",
    "msg_readed": true,
    "uuid": "993fca79-7e69-4817-ae07-7dc0b19c0099",
    "time_order": 1613546709576,
    "isCreate": "2021-02-17T07:25:09.576Z",
    "id": "602cc4d519f078644abe936e",
    "chatListId": "602bc65419f078644abe9366"
  },
  {
    "send_time": "12:55 pm",
    "send_date": "2021-02-17T00:00:00.000Z",
    "send_date_format": "17/02/2021",
    "isSend": false,
    "send_msg": "i send a friend request ",
    "msg_readed": true,
    "uuid": "122e2341-d80f-48fa-809e-237db7d594de",
    "time_order": 1613546709579,
    "isCreate": "2021-02-17T07:25:09.579Z",
    "id": "602cc4d519f078644abe936f",
    "chatListId": "602bc65419f078644abe9368"
  },
  {
    "send_time": "06:39 pm",
    "send_date": "2021-02-17T00:00:00.000Z",
    "send_date_format": "17/02/2021",
    "isSend": true,
    "send_msg": "Hi",
    "msg_readed": true,
    "uuid": "6e340a65-5115-4731-8046-4f07d5712964",
    "time_order": 1613567354228,
    "isCreate": "2021-02-17T13:09:14.229Z",
    "id": "602d157a19f078644abe9373",
    "chatListId": "602d157a19f078644abe9372"
  },
  {
    "send_time": "06:39 pm",
    "send_date": "2021-02-17T00:00:00.000Z",
    "send_date_format": "17/02/2021",
    "isSend": false,
    "send_msg": "Hi",
    "msg_readed": true,
    "uuid": "65d2b545-f00c-4cb7-913e-22917c1f3952",
    "time_order": 1613567354240,
    "isCreate": "2021-02-17T13:09:14.240Z",
    "id": "602d157a19f078644abe9375",
    "chatListId": "602d157a19f078644abe9374"
  },
  {
    "send_time": "06:39 pm",
    "send_date": "2021-02-17T00:00:00.000Z",
    "send_date_format": "17/02/2021",
    "isSend": true,
    "send_msg": "Hello",
    "msg_readed": true,
    "uuid": "5bf2c987-b248-4789-a51e-f90d3c42226b",
    "time_order": 1613567372468,
    "isCreate": "2021-02-17T13:09:32.468Z",
    "id": "602d158c19f078644abe9376",
    "chatListId": "602d157a19f078644abe9372"
  },
  {
    "send_time": "06:39 pm",
    "send_date": "2021-02-17T00:00:00.000Z",
    "send_date_format": "17/02/2021",
    "isSend": false,
    "send_msg": "Hello",
    "msg_readed": true,
    "uuid": "41073b6b-808e-49b0-9be3-0cf1649948f1",
    "time_order": 1613567372471,
    "isCreate": "2021-02-17T13:09:32.471Z",
    "id": "602d158c19f078644abe9377",
    "chatListId": "602d157a19f078644abe9374"
  },
  {
    "send_time": "12:22 pm",
    "send_date": "2021-03-09T00:00:00.000Z",
    "send_date_format": "09/03/2021",
    "isSend": true,
    "send_msg": "check ",
    "msg_readed": true,
    "uuid": "98f82eaf-1ff2-4e3a-8c67-38f1fc9f61d4",
    "time_order": 1615272738611,
    "isCreate": "2021-03-09T06:52:18.611Z",
    "id": "60471b2266d38601cbca22a4",
    "chatListId": "602bb7d819f078644abe931b"
  },
  {
    "send_time": "12:22 pm",
    "send_date": "2021-03-09T00:00:00.000Z",
    "send_date_format": "09/03/2021",
    "isSend": false,
    "send_msg": "check ",
    "msg_readed": true,
    "uuid": "705758c8-43a9-471b-bf56-ee1c89ca108b",
    "time_order": 1615272738615,
    "isCreate": "2021-03-09T06:52:18.615Z",
    "id": "60471b2266d38601cbca22a5",
    "chatListId": "602bb7d819f078644abe931a"
  },
  {
    "send_time": "12:25 pm",
    "send_date": "2021-03-09T00:00:00.000Z",
    "send_date_format": "09/03/2021",
    "isSend": true,
    "send_msg": "Hi",
    "msg_readed": true,
    "uuid": "740d8c6d-62c2-45fd-8f01-e411e4c90522",
    "time_order": 1615272912242,
    "isCreate": "2021-03-09T06:55:12.242Z",
    "id": "60471bd066d38601cbca22a6",
    "chatListId": "602bb7d819f078644abe931a"
  },
  {
    "send_time": "12:25 pm",
    "send_date": "2021-03-09T00:00:00.000Z",
    "send_date_format": "09/03/2021",
    "isSend": false,
    "send_msg": "Hi",
    "msg_readed": true,
    "uuid": "38795686-8461-4963-87e4-e53fa4e97783",
    "time_order": 1615272912246,
    "isCreate": "2021-03-09T06:55:12.246Z",
    "id": "60471bd066d38601cbca22a7",
    "chatListId": "602bb7d819f078644abe931b"
  },
  {
    "send_time": "12:25 pm",
    "send_date": "2021-03-09T00:00:00.000Z",
    "send_date_format": "09/03/2021",
    "isSend": true,
    "send_msg": "You there",
    "msg_readed": true,
    "uuid": "3f64badc-ad7a-4b1a-bcb5-614c2467ec4e",
    "time_order": 1615272924535,
    "isCreate": "2021-03-09T06:55:24.535Z",
    "id": "60471bdc66d38601cbca22a8",
    "chatListId": "602bb7d819f078644abe931a"
  },
  {
    "send_time": "12:25 pm",
    "send_date": "2021-03-09T00:00:00.000Z",
    "send_date_format": "09/03/2021",
    "isSend": false,
    "send_msg": "You there",
    "msg_readed": true,
    "uuid": "e70a95ef-00d4-4c82-ae91-254c9339fa36",
    "time_order": 1615272924538,
    "isCreate": "2021-03-09T06:55:24.538Z",
    "id": "60471bdc66d38601cbca22a9",
    "chatListId": "602bb7d819f078644abe931b"
  },
  {
    "send_time": "08:31 pm",
    "send_date": "2021-03-09T00:00:00.000Z",
    "send_date_format": "09/03/2021",
    "isSend": true,
    "send_msg": "Hi you there? ",
    "msg_readed": true,
    "uuid": "49f993d3-7bd4-4c95-8f2a-2aba881bd3ae",
    "time_order": 1615302089041,
    "isCreate": "2021-03-09T15:01:29.041Z",
    "id": "60478dc966d38601cbca22ab",
    "chatListId": "602bb4f419f078644abe930b"
  },
  {
    "send_time": "08:31 pm",
    "send_date": "2021-03-09T00:00:00.000Z",
    "send_date_format": "09/03/2021",
    "isSend": false,
    "send_msg": "Hi you there? ",
    "msg_readed": true,
    "uuid": "5a371131-da5b-4fb4-b5cb-b21e169041e3",
    "time_order": 1615302089044,
    "isCreate": "2021-03-09T15:01:29.044Z",
    "id": "60478dc966d38601cbca22ac",
    "chatListId": "602bb4f419f078644abe930d"
  },
  {
    "send_time": "03:28 pm",
    "send_date": "2021-03-10T00:00:00.000Z",
    "send_date_format": "10/03/2021",
    "isSend": true,
    "send_msg": "Hi",
    "msg_readed": true,
    "uuid": "134930e7-dbf9-4944-9764-f879e009da7f",
    "time_order": 1615370321445,
    "isCreate": "2021-03-10T09:58:41.445Z",
    "id": "6048985166d38601cbca22ad",
    "chatListId": "602bb7d819f078644abe931a"
  },
  {
    "send_time": "03:28 pm",
    "send_date": "2021-03-10T00:00:00.000Z",
    "send_date_format": "10/03/2021",
    "isSend": false,
    "send_msg": "Hi",
    "msg_readed": true,
    "uuid": "2e9d65a7-0b57-4566-a80a-8c6047d95848",
    "time_order": 1615370321451,
    "isCreate": "2021-03-10T09:58:41.451Z",
    "id": "6048985166d38601cbca22ae",
    "chatListId": "602bb7d819f078644abe931b"
  },
  {
    "send_time": "03:28 pm",
    "send_date": "2021-03-10T00:00:00.000Z",
    "send_date_format": "10/03/2021",
    "isSend": true,
    "send_msg": "You there? ",
    "msg_readed": true,
    "uuid": "13e29d83-7fb4-4cc3-aca9-19408d4a6c4d",
    "time_order": 1615370325881,
    "isCreate": "2021-03-10T09:58:45.882Z",
    "id": "6048985566d38601cbca22af",
    "chatListId": "602bb7d819f078644abe931a"
  },
  {
    "send_time": "03:28 pm",
    "send_date": "2021-03-10T00:00:00.000Z",
    "send_date_format": "10/03/2021",
    "isSend": false,
    "send_msg": "You there? ",
    "msg_readed": true,
    "uuid": "8dc32a2e-bb42-45fb-a919-6183cce510d4",
    "time_order": 1615370325885,
    "isCreate": "2021-03-10T09:58:45.885Z",
    "id": "6048985566d38601cbca22b0",
    "chatListId": "602bb7d819f078644abe931b"
  },
  {
    "send_time": "03:32 pm",
    "send_date": "2021-03-10T00:00:00.000Z",
    "send_date_format": "10/03/2021",
    "isSend": true,
    "send_msg": "Hi",
    "msg_readed": true,
    "uuid": "d85187c3-d7d7-4b59-83bd-e39cb03eb41d",
    "time_order": 1615370577910,
    "isCreate": "2021-03-10T10:02:57.910Z",
    "id": "6048995166d38601cbca22b1",
    "chatListId": "602bb5d019f078644abe9312"
  },
  {
    "send_time": "03:32 pm",
    "send_date": "2021-03-10T00:00:00.000Z",
    "send_date_format": "10/03/2021",
    "isSend": false,
    "send_msg": "Hi",
    "msg_readed": false,
    "uuid": "5100455c-d8c9-4cc5-833a-3dc0f43a9e0f",
    "time_order": 1615370577913,
    "isCreate": "2021-03-10T10:02:57.913Z",
    "id": "6048995166d38601cbca22b2",
    "chatListId": "602bb5d019f078644abe9313"
  },
  {
    "send_time": "03:34 pm",
    "send_date": "2021-03-10T00:00:00.000Z",
    "send_date_format": "10/03/2021",
    "isSend": true,
    "send_msg": "here",
    "msg_readed": true,
    "uuid": "ef309b70-c9ad-4f1f-97ed-b7a341bbf04b",
    "time_order": 1615370676421,
    "isCreate": "2021-03-10T10:04:36.422Z",
    "id": "604899b466d38601cbca22b3",
    "chatListId": "602bb7d819f078644abe931b"
  },
  {
    "send_time": "03:34 pm",
    "send_date": "2021-03-10T00:00:00.000Z",
    "send_date_format": "10/03/2021",
    "isSend": false,
    "send_msg": "here",
    "msg_readed": true,
    "uuid": "1f8fe9bc-edd7-4e00-8c8e-cb6f7fafd054",
    "time_order": 1615370676424,
    "isCreate": "2021-03-10T10:04:36.424Z",
    "id": "604899b466d38601cbca22b4",
    "chatListId": "602bb7d819f078644abe931a"
  },
  {
    "send_time": "03:39 pm",
    "send_date": "2021-03-10T00:00:00.000Z",
    "send_date_format": "10/03/2021",
    "isSend": true,
    "send_msg": "What you doing ",
    "msg_readed": true,
    "uuid": "7d3fad5d-08da-4373-8d42-80ca117c6f81",
    "time_order": 1615370945829,
    "isCreate": "2021-03-10T10:09:05.830Z",
    "id": "60489ac166d38601cbca22b5",
    "chatListId": "602bb7d819f078644abe931a"
  },
  {
    "send_time": "03:39 pm",
    "send_date": "2021-03-10T00:00:00.000Z",
    "send_date_format": "10/03/2021",
    "isSend": false,
    "send_msg": "What you doing ",
    "msg_readed": true,
    "uuid": "ffe274df-b6df-4b73-b03a-8f6bbba9cd95",
    "time_order": 1615370945832,
    "isCreate": "2021-03-10T10:09:05.832Z",
    "id": "60489ac166d38601cbca22b6",
    "chatListId": "602bb7d819f078644abe931b"
  },
  {
    "send_time": "03:40 pm",
    "send_date": "2021-03-10T00:00:00.000Z",
    "send_date_format": "10/03/2021",
    "isSend": true,
    "send_msg": "? ",
    "msg_readed": true,
    "uuid": "616a6a4d-fcb1-40f6-b96d-479957a79a7d",
    "time_order": 1615371030794,
    "isCreate": "2021-03-10T10:10:30.794Z",
    "id": "60489b1666d38601cbca22b7",
    "chatListId": "602bb7d819f078644abe931a"
  },
  {
    "send_time": "03:40 pm",
    "send_date": "2021-03-10T00:00:00.000Z",
    "send_date_format": "10/03/2021",
    "isSend": false,
    "send_msg": "? ",
    "msg_readed": true,
    "uuid": "76882233-95e1-433a-bf2e-f1d760979539",
    "time_order": 1615371030798,
    "isCreate": "2021-03-10T10:10:30.798Z",
    "id": "60489b1666d38601cbca22b8",
    "chatListId": "602bb7d819f078644abe931b"
  },
  {
    "send_time": "03:41 pm",
    "send_date": "2021-03-10T00:00:00.000Z",
    "send_date_format": "10/03/2021",
    "isSend": true,
    "send_msg": "at work",
    "msg_readed": true,
    "uuid": "3d1baaf3-f0e4-4618-bd32-477a078609e4",
    "time_order": 1615371107403,
    "isCreate": "2021-03-10T10:11:47.403Z",
    "id": "60489b6366d38601cbca22b9",
    "chatListId": "602bb7d819f078644abe931b"
  },
  {
    "send_time": "03:41 pm",
    "send_date": "2021-03-10T00:00:00.000Z",
    "send_date_format": "10/03/2021",
    "isSend": false,
    "send_msg": "at work",
    "msg_readed": true,
    "uuid": "c55c1e4a-cc89-413c-8f3e-d439d863afc2",
    "time_order": 1615371107405,
    "isCreate": "2021-03-10T10:11:47.405Z",
    "id": "60489b6366d38601cbca22ba",
    "chatListId": "602bb7d819f078644abe931a"
  },
  {
    "send_time": "03:41 pm",
    "send_date": "2021-03-10T00:00:00.000Z",
    "send_date_format": "10/03/2021",
    "isSend": true,
    "send_msg": "Hmm",
    "msg_readed": true,
    "uuid": "95823a9c-1731-49b0-8999-660e161aeecd",
    "time_order": 1615371112206,
    "isCreate": "2021-03-10T10:11:52.206Z",
    "id": "60489b6866d38601cbca22bb",
    "chatListId": "602bb7d819f078644abe931a"
  },
  {
    "send_time": "03:41 pm",
    "send_date": "2021-03-10T00:00:00.000Z",
    "send_date_format": "10/03/2021",
    "isSend": false,
    "send_msg": "Hmm",
    "msg_readed": true,
    "uuid": "31c5c816-9b13-4149-9281-227b44df86d9",
    "time_order": 1615371112209,
    "isCreate": "2021-03-10T10:11:52.209Z",
    "id": "60489b6866d38601cbca22bc",
    "chatListId": "602bb7d819f078644abe931b"
  },
  {
    "send_time": "03:42 pm",
    "send_date": "2021-03-10T00:00:00.000Z",
    "send_date_format": "10/03/2021",
    "isSend": true,
    "send_msg": "Keyboard is still disappearing ",
    "msg_readed": true,
    "uuid": "464e27c1-cb42-4214-87e1-3d273d20ed78",
    "time_order": 1615371120508,
    "isCreate": "2021-03-10T10:12:00.508Z",
    "id": "60489b7066d38601cbca22bd",
    "chatListId": "602bb7d819f078644abe931a"
  },
  {
    "send_time": "03:42 pm",
    "send_date": "2021-03-10T00:00:00.000Z",
    "send_date_format": "10/03/2021",
    "isSend": false,
    "send_msg": "Keyboard is still disappearing ",
    "msg_readed": true,
    "uuid": "907180b5-b565-4497-9a32-8f6c75f10675",
    "time_order": 1615371120512,
    "isCreate": "2021-03-10T10:12:00.512Z",
    "id": "60489b7066d38601cbca22be",
    "chatListId": "602bb7d819f078644abe931b"
  },
  {
    "send_time": "03:43 pm",
    "send_date": "2021-03-10T00:00:00.000Z",
    "send_date_format": "10/03/2021",
    "isSend": true,
    "send_msg": "Hi",
    "msg_readed": true,
    "uuid": "02a4e5f4-1f2f-4110-b354-79302e4004ee",
    "time_order": 1615371239214,
    "isCreate": "2021-03-10T10:13:59.214Z",
    "id": "60489be766d38601cbca22bf",
    "chatListId": "602bb4f419f078644abe930b"
  },
  {
    "send_time": "03:43 pm",
    "send_date": "2021-03-10T00:00:00.000Z",
    "send_date_format": "10/03/2021",
    "isSend": false,
    "send_msg": "Hi",
    "msg_readed": true,
    "uuid": "9c7366fc-9b28-4c87-a80c-81e52162b072",
    "time_order": 1615371239216,
    "isCreate": "2021-03-10T10:13:59.216Z",
    "id": "60489be766d38601cbca22c0",
    "chatListId": "602bb4f419f078644abe930d"
  },
  {
    "send_time": "03:46 pm",
    "send_date": "2021-03-10T00:00:00.000Z",
    "send_date_format": "10/03/2021",
    "isSend": true,
    "send_msg": "getting dis??",
    "msg_readed": true,
    "uuid": "e4c5f9b7-6ea6-4925-8955-0cdd1ad2f192",
    "time_order": 1615371360765,
    "isCreate": "2021-03-10T10:16:00.766Z",
    "id": "60489c6066d38601cbca22c1",
    "chatListId": "602bb4f419f078644abe930d"
  },
  {
    "send_time": "03:46 pm",
    "send_date": "2021-03-10T00:00:00.000Z",
    "send_date_format": "10/03/2021",
    "isSend": false,
    "send_msg": "getting dis??",
    "msg_readed": true,
    "uuid": "a92633dc-2908-4886-9c29-fe5f1324218a",
    "time_order": 1615371360774,
    "isCreate": "2021-03-10T10:16:00.774Z",
    "id": "60489c6066d38601cbca22c2",
    "chatListId": "602bb4f419f078644abe930b"
  },
  {
    "send_time": "03:46 pm",
    "send_date": "2021-03-10T00:00:00.000Z",
    "send_date_format": "10/03/2021",
    "isSend": true,
    "send_msg": "Yes finally I got it",
    "msg_readed": true,
    "uuid": "913734c4-029f-49fd-a5e4-33c274f52d91",
    "time_order": 1615371368805,
    "isCreate": "2021-03-10T10:16:08.805Z",
    "id": "60489c6866d38601cbca22c3",
    "chatListId": "602bb4f419f078644abe930b"
  },
  {
    "send_time": "03:46 pm",
    "send_date": "2021-03-10T00:00:00.000Z",
    "send_date_format": "10/03/2021",
    "isSend": false,
    "send_msg": "Yes finally I got it",
    "msg_readed": true,
    "uuid": "35eba3e5-040b-4436-825e-1f12d9b4e5c9",
    "time_order": 1615371368807,
    "isCreate": "2021-03-10T10:16:08.807Z",
    "id": "60489c6866d38601cbca22c4",
    "chatListId": "602bb4f419f078644abe930d"
  },
  {
    "send_time": "03:46 pm",
    "send_date": "2021-03-10T00:00:00.000Z",
    "send_date_format": "10/03/2021",
    "isSend": true,
    "send_msg": "d keyboard at times is above d msg box",
    "msg_readed": true,
    "uuid": "5f097d45-b481-42b4-9e51-7382e6d2f788",
    "time_order": 1615371384123,
    "isCreate": "2021-03-10T10:16:24.123Z",
    "id": "60489c7866d38601cbca22c5",
    "chatListId": "602bb4f419f078644abe930d"
  },
  {
    "send_time": "03:46 pm",
    "send_date": "2021-03-10T00:00:00.000Z",
    "send_date_format": "10/03/2021",
    "isSend": false,
    "send_msg": "d keyboard at times is above d msg box",
    "msg_readed": true,
    "uuid": "f0775dfd-0b51-4ca8-9dbf-648f2e03784d",
    "time_order": 1615371384126,
    "isCreate": "2021-03-10T10:16:24.127Z",
    "id": "60489c7866d38601cbca22c6",
    "chatListId": "602bb4f419f078644abe930b"
  },
  {
    "send_time": "03:46 pm",
    "send_date": "2021-03-10T00:00:00.000Z",
    "send_date_format": "10/03/2021",
    "isSend": true,
    "send_msg": "Yes it is ",
    "msg_readed": true,
    "uuid": "fec53b55-316d-470a-ba68-98ab4fe37d70",
    "time_order": 1615371400447,
    "isCreate": "2021-03-10T10:16:40.447Z",
    "id": "60489c8866d38601cbca22c7",
    "chatListId": "602bb4f419f078644abe930b"
  },
  {
    "send_time": "03:46 pm",
    "send_date": "2021-03-10T00:00:00.000Z",
    "send_date_format": "10/03/2021",
    "isSend": false,
    "send_msg": "Yes it is ",
    "msg_readed": true,
    "uuid": "6cec72d2-30df-4951-8ea0-8a52037b48ab",
    "time_order": 1615371400454,
    "isCreate": "2021-03-10T10:16:40.454Z",
    "id": "60489c8866d38601cbca22c8",
    "chatListId": "602bb4f419f078644abe930d"
  },
  {
    "send_time": "03:46 pm",
    "send_date": "2021-03-10T00:00:00.000Z",
    "send_date_format": "10/03/2021",
    "isSend": true,
    "send_msg": "n every time aftr d msg is sent ",
    "msg_readed": true,
    "uuid": "77845924-8e3c-4f5d-8333-b05a944721b3",
    "time_order": 1615371402424,
    "isCreate": "2021-03-10T10:16:42.424Z",
    "id": "60489c8a66d38601cbca22c9",
    "chatListId": "602bb4f419f078644abe930d"
  },
  {
    "send_time": "03:46 pm",
    "send_date": "2021-03-10T00:00:00.000Z",
    "send_date_format": "10/03/2021",
    "isSend": false,
    "send_msg": "n every time aftr d msg is sent ",
    "msg_readed": true,
    "uuid": "60e600ff-19d1-425a-8f2a-e2ebc0bb3095",
    "time_order": 1615371402426,
    "isCreate": "2021-03-10T10:16:42.426Z",
    "id": "60489c8a66d38601cbca22ca",
    "chatListId": "602bb4f419f078644abe930b"
  },
  {
    "send_time": "03:47 pm",
    "send_date": "2021-03-10T00:00:00.000Z",
    "send_date_format": "10/03/2021",
    "isSend": true,
    "send_msg": "u ve to go back to d typo box cos d keyboard disappearz",
    "msg_readed": true,
    "uuid": "ac23b762-b215-47b8-8f32-d5a6a0774dde",
    "time_order": 1615371426703,
    "isCreate": "2021-03-10T10:17:06.703Z",
    "id": "60489ca266d38601cbca22cb",
    "chatListId": "602bb4f419f078644abe930d"
  },
  {
    "send_time": "03:47 pm",
    "send_date": "2021-03-10T00:00:00.000Z",
    "send_date_format": "10/03/2021",
    "isSend": false,
    "send_msg": "u ve to go back to d typo box cos d keyboard disappearz",
    "msg_readed": true,
    "uuid": "ee2d7693-8011-4902-aa01-1c0ce639877b",
    "time_order": 1615371426707,
    "isCreate": "2021-03-10T10:17:06.708Z",
    "id": "60489ca266d38601cbca22cc",
    "chatListId": "602bb4f419f078644abe930b"
  },
  {
    "send_time": "03:47 pm",
    "send_date": "2021-03-10T00:00:00.000Z",
    "send_date_format": "10/03/2021",
    "isSend": true,
    "send_msg": "Yes",
    "msg_readed": true,
    "uuid": "cbffa189-8478-4076-a1e2-cd97954a8856",
    "time_order": 1615371430834,
    "isCreate": "2021-03-10T10:17:10.834Z",
    "id": "60489ca666d38601cbca22cd",
    "chatListId": "602bb4f419f078644abe930b"
  },
  {
    "send_time": "03:47 pm",
    "send_date": "2021-03-10T00:00:00.000Z",
    "send_date_format": "10/03/2021",
    "isSend": false,
    "send_msg": "Yes",
    "msg_readed": true,
    "uuid": "50a30c87-f097-4901-9d16-ba809d1f2c22",
    "time_order": 1615371430836,
    "isCreate": "2021-03-10T10:17:10.836Z",
    "id": "60489ca666d38601cbca22ce",
    "chatListId": "602bb4f419f078644abe930d"
  },
  {
    "send_time": "03:47 pm",
    "send_date": "2021-03-10T00:00:00.000Z",
    "send_date_format": "10/03/2021",
    "isSend": true,
    "send_msg": "It's not been fixed ",
    "msg_readed": true,
    "uuid": "1857d931-f1fa-4bd7-a163-9e73b7f88976",
    "time_order": 1615371443827,
    "isCreate": "2021-03-10T10:17:23.827Z",
    "id": "60489cb366d38601cbca22cf",
    "chatListId": "602bb4f419f078644abe930b"
  },
  {
    "send_time": "03:47 pm",
    "send_date": "2021-03-10T00:00:00.000Z",
    "send_date_format": "10/03/2021",
    "isSend": false,
    "send_msg": "It's not been fixed ",
    "msg_readed": true,
    "uuid": "52f5b54b-1728-43d4-b2b2-4b281642b6a3",
    "time_order": 1615371443840,
    "isCreate": "2021-03-10T10:17:23.840Z",
    "id": "60489cb366d38601cbca22d0",
    "chatListId": "602bb4f419f078644abe930d"
  },
  {
    "send_time": "03:47 pm",
    "send_date": "2021-03-10T00:00:00.000Z",
    "send_date_format": "10/03/2021",
    "isSend": true,
    "send_msg": "put it dwn",
    "msg_readed": true,
    "uuid": "92b1022f-9aa4-4105-b75a-2a21208e3cb8",
    "time_order": 1615371454154,
    "isCreate": "2021-03-10T10:17:34.154Z",
    "id": "60489cbe66d38601cbca22d1",
    "chatListId": "602bb4f419f078644abe930d"
  },
  {
    "send_time": "03:47 pm",
    "send_date": "2021-03-10T00:00:00.000Z",
    "send_date_format": "10/03/2021",
    "isSend": false,
    "send_msg": "put it dwn",
    "msg_readed": true,
    "uuid": "5669ae2e-a671-4b15-9382-90545a3693b0",
    "time_order": 1615371454156,
    "isCreate": "2021-03-10T10:17:34.156Z",
    "id": "60489cbe66d38601cbca22d2",
    "chatListId": "602bb4f419f078644abe930b"
  },
  {
    "send_time": "03:47 pm",
    "send_date": "2021-03-10T00:00:00.000Z",
    "send_date_format": "10/03/2021",
    "isSend": true,
    "send_msg": "Yea",
    "msg_readed": true,
    "uuid": "209e820b-64eb-4f6d-bb38-2a0f16c11cd7",
    "time_order": 1615371466413,
    "isCreate": "2021-03-10T10:17:46.413Z",
    "id": "60489cca66d38601cbca22d3",
    "chatListId": "602bb4f419f078644abe930b"
  },
  {
    "send_time": "03:47 pm",
    "send_date": "2021-03-10T00:00:00.000Z",
    "send_date_format": "10/03/2021",
    "isSend": false,
    "send_msg": "Yea",
    "msg_readed": true,
    "uuid": "604b4b89-4146-43a8-816e-84b578e7130d",
    "time_order": 1615371466416,
    "isCreate": "2021-03-10T10:17:46.416Z",
    "id": "60489cca66d38601cbca22d4",
    "chatListId": "602bb4f419f078644abe930d"
  },
  {
    "send_time": "03:47 pm",
    "send_date": "2021-03-10T00:00:00.000Z",
    "send_date_format": "10/03/2021",
    "isSend": true,
    "send_msg": "i need d date here too",
    "msg_readed": true,
    "uuid": "9a0314f3-54fc-4b71-aa26-2aa3d9bb0938",
    "time_order": 1615371472384,
    "isCreate": "2021-03-10T10:17:52.384Z",
    "id": "60489cd066d38601cbca22d5",
    "chatListId": "602bb4f419f078644abe930d"
  },
  {
    "send_time": "03:47 pm",
    "send_date": "2021-03-10T00:00:00.000Z",
    "send_date_format": "10/03/2021",
    "isSend": false,
    "send_msg": "i need d date here too",
    "msg_readed": true,
    "uuid": "d68706dd-ba73-4f15-8055-ee2b69e6a3de",
    "time_order": 1615371472386,
    "isCreate": "2021-03-10T10:17:52.386Z",
    "id": "60489cd066d38601cbca22d6",
    "chatListId": "602bb4f419f078644abe930b"
  },
  {
    "send_time": "03:47 pm",
    "send_date": "2021-03-10T00:00:00.000Z",
    "send_date_format": "10/03/2021",
    "isSend": true,
    "send_msg": "You there ",
    "msg_readed": true,
    "uuid": "0c3ce3bb-a2a3-4058-a703-c074b3268fea",
    "time_order": 1615371473678,
    "isCreate": "2021-03-10T10:17:53.678Z",
    "id": "60489cd166d38601cbca22d7",
    "chatListId": "602bb7d819f078644abe931a"
  },
  {
    "send_time": "03:47 pm",
    "send_date": "2021-03-10T00:00:00.000Z",
    "send_date_format": "10/03/2021",
    "isSend": false,
    "send_msg": "You there ",
    "msg_readed": true,
    "uuid": "fa304534-0744-4ec1-b849-0f271dd72673",
    "time_order": 1615371473681,
    "isCreate": "2021-03-10T10:17:53.681Z",
    "id": "60489cd166d38601cbca22d8",
    "chatListId": "602bb7d819f078644abe931b"
  },
  {
    "send_time": "03:48 pm",
    "send_date": "2021-03-10T00:00:00.000Z",
    "send_date_format": "10/03/2021",
    "isSend": true,
    "send_msg": "Yes",
    "msg_readed": true,
    "uuid": "8f52d554-38e0-42d0-a790-f7a4f72502e5",
    "time_order": 1615371498116,
    "isCreate": "2021-03-10T10:18:18.116Z",
    "id": "60489cea66d38601cbca22d9",
    "chatListId": "602bb4f419f078644abe930b"
  },
  {
    "send_time": "03:48 pm",
    "send_date": "2021-03-10T00:00:00.000Z",
    "send_date_format": "10/03/2021",
    "isSend": false,
    "send_msg": "Yes",
    "msg_readed": true,
    "uuid": "67146d6d-ec7c-4c68-9006-bdd02a6051f8",
    "time_order": 1615371498118,
    "isCreate": "2021-03-10T10:18:18.118Z",
    "id": "60489cea66d38601cbca22da",
    "chatListId": "602bb4f419f078644abe930d"
  },
  {
    "send_time": "03:48 pm",
    "send_date": "2021-03-10T00:00:00.000Z",
    "send_date_format": "10/03/2021",
    "isSend": true,
    "send_msg": "lemme try",
    "msg_readed": true,
    "uuid": "ba3eebf5-93e8-4ab8-9262-63ac8ad913ab",
    "time_order": 1615371513222,
    "isCreate": "2021-03-10T10:18:33.222Z",
    "id": "60489cf966d38601cbca22db",
    "chatListId": "602bb7d819f078644abe931b"
  },
  {
    "send_time": "03:48 pm",
    "send_date": "2021-03-10T00:00:00.000Z",
    "send_date_format": "10/03/2021",
    "isSend": false,
    "send_msg": "lemme try",
    "msg_readed": true,
    "uuid": "1a8ba69f-db38-40c3-baf2-46d34c8da9ea",
    "time_order": 1615371513225,
    "isCreate": "2021-03-10T10:18:33.225Z",
    "id": "60489cf966d38601cbca22dc",
    "chatListId": "602bb7d819f078644abe931a"
  },
  {
    "send_time": "03:48 pm",
    "send_date": "2021-03-10T00:00:00.000Z",
    "send_date_format": "10/03/2021",
    "isSend": true,
    "send_msg": "yes it is",
    "msg_readed": true,
    "uuid": "64b9c4b1-d2e8-4556-9d7d-8b64f067430f",
    "time_order": 1615371516592,
    "isCreate": "2021-03-10T10:18:36.592Z",
    "id": "60489cfc66d38601cbca22dd",
    "chatListId": "602bb7d819f078644abe931b"
  },
  {
    "send_time": "03:48 pm",
    "send_date": "2021-03-10T00:00:00.000Z",
    "send_date_format": "10/03/2021",
    "isSend": false,
    "send_msg": "yes it is",
    "msg_readed": true,
    "uuid": "746ea380-a091-4822-ac19-3a0852bb8291",
    "time_order": 1615371516596,
    "isCreate": "2021-03-10T10:18:36.596Z",
    "id": "60489cfc66d38601cbca22de",
    "chatListId": "602bb7d819f078644abe931a"
  },
  {
    "send_time": "03:48 pm",
    "send_date": "2021-03-10T00:00:00.000Z",
    "send_date_format": "10/03/2021",
    "isSend": true,
    "send_msg": "thats irritating ",
    "msg_readed": true,
    "uuid": "a32a7e01-f7b9-4944-94c8-12e56b0b619e",
    "time_order": 1615371520906,
    "isCreate": "2021-03-10T10:18:40.906Z",
    "id": "60489d0066d38601cbca22e4",
    "chatListId": "602bb7d819f078644abe931b"
  },
  {
    "send_time": "03:48 pm",
    "send_date": "2021-03-10T00:00:00.000Z",
    "send_date_format": "10/03/2021",
    "isSend": false,
    "send_msg": "thats irritating ",
    "msg_readed": true,
    "uuid": "ab446032-bb34-48a8-88b9-c67d0d80d57e",
    "time_order": 1615371520909,
    "isCreate": "2021-03-10T10:18:40.909Z",
    "id": "60489d0066d38601cbca22e5",
    "chatListId": "602bb7d819f078644abe931a"
  },
  {
    "send_time": "03:48 pm",
    "send_date": "2021-03-10T00:00:00.000Z",
    "send_date_format": "10/03/2021",
    "isSend": true,
    "send_msg": "Hain na",
    "msg_readed": true,
    "uuid": "6afe4a21-9fb6-4a1d-84b2-2c9c6947557f",
    "time_order": 1615371536962,
    "isCreate": "2021-03-10T10:18:56.963Z",
    "id": "60489d1066d38601cbca22e6",
    "chatListId": "602bb7d819f078644abe931a"
  },
  {
    "send_time": "03:48 pm",
    "send_date": "2021-03-10T00:00:00.000Z",
    "send_date_format": "10/03/2021",
    "isSend": false,
    "send_msg": "Hain na",
    "msg_readed": true,
    "uuid": "dfb0739a-8b6f-4934-87c4-ef1772ce7405",
    "time_order": 1615371536965,
    "isCreate": "2021-03-10T10:18:56.965Z",
    "id": "60489d1066d38601cbca22e7",
    "chatListId": "602bb7d819f078644abe931b"
  },
  {
    "send_time": "03:49 pm",
    "send_date": "2021-03-10T00:00:00.000Z",
    "send_date_format": "10/03/2021",
    "isSend": true,
    "send_msg": "I'm trying to create a group with you me n ben",
    "msg_readed": true,
    "uuid": "2568a833-36ba-453f-9b4a-7e9395c741bc",
    "time_order": 1615371556105,
    "isCreate": "2021-03-10T10:19:16.105Z",
    "id": "60489d2466d38601cbca22e8",
    "chatListId": "602bb4f419f078644abe930b"
  },
  {
    "send_time": "03:49 pm",
    "send_date": "2021-03-10T00:00:00.000Z",
    "send_date_format": "10/03/2021",
    "isSend": false,
    "send_msg": "I'm trying to create a group with you me n ben",
    "msg_readed": true,
    "uuid": "75821e3f-6aa1-4d52-81fe-05613df6c892",
    "time_order": 1615371556108,
    "isCreate": "2021-03-10T10:19:16.108Z",
    "id": "60489d2466d38601cbca22e9",
    "chatListId": "602bb4f419f078644abe930d"
  },
  {
    "send_time": "03:49 pm",
    "send_date": "2021-03-10T00:00:00.000Z",
    "send_date_format": "10/03/2021",
    "isSend": true,
    "send_msg": "But I can't add you? ",
    "msg_readed": true,
    "uuid": "53d3ca20-90e5-4399-8431-ec5023a956d2",
    "time_order": 1615371565712,
    "isCreate": "2021-03-10T10:19:25.712Z",
    "id": "60489d2d66d38601cbca22ea",
    "chatListId": "602bb4f419f078644abe930b"
  },
  {
    "send_time": "03:49 pm",
    "send_date": "2021-03-10T00:00:00.000Z",
    "send_date_format": "10/03/2021",
    "isSend": false,
    "send_msg": "But I can't add you? ",
    "msg_readed": true,
    "uuid": "5d921267-6287-419c-a6de-21af81093178",
    "time_order": 1615371565717,
    "isCreate": "2021-03-10T10:19:25.717Z",
    "id": "60489d2d66d38601cbca22eb",
    "chatListId": "602bb4f419f078644abe930d"
  },
  {
    "send_time": "03:49 pm",
    "send_date": "2021-03-10T00:00:00.000Z",
    "send_date_format": "10/03/2021",
    "isSend": true,
    "send_msg": "You try ",
    "msg_readed": true,
    "uuid": "e99454af-302e-4e9e-950e-e02b301710d3",
    "time_order": 1615371569549,
    "isCreate": "2021-03-10T10:19:29.549Z",
    "id": "60489d3166d38601cbca22ec",
    "chatListId": "602bb4f419f078644abe930b"
  },
  {
    "send_time": "03:49 pm",
    "send_date": "2021-03-10T00:00:00.000Z",
    "send_date_format": "10/03/2021",
    "isSend": false,
    "send_msg": "You try ",
    "msg_readed": true,
    "uuid": "f1ae8b5f-f558-41fe-aa80-7e5c8ba63dae",
    "time_order": 1615371569555,
    "isCreate": "2021-03-10T10:19:29.555Z",
    "id": "60489d3166d38601cbca22ed",
    "chatListId": "602bb4f419f078644abe930d"
  },
  {
    "send_time": "03:50 pm",
    "send_date": "2021-03-10T00:00:00.000Z",
    "send_date_format": "10/03/2021",
    "isSend": true,
    "send_msg": "user list is empty ",
    "msg_readed": true,
    "uuid": "dbe06796-ce3e-4a20-b58b-e5859c565c90",
    "time_order": 1615371615270,
    "isCreate": "2021-03-10T10:20:15.271Z",
    "id": "60489d5f66d38601cbca22ee",
    "chatListId": "602bb4f419f078644abe930d"
  },
  {
    "send_time": "03:50 pm",
    "send_date": "2021-03-10T00:00:00.000Z",
    "send_date_format": "10/03/2021",
    "isSend": false,
    "send_msg": "user list is empty ",
    "msg_readed": true,
    "uuid": "457654b2-981f-4e26-b789-7b1b1ecce301",
    "time_order": 1615371615274,
    "isCreate": "2021-03-10T10:20:15.274Z",
    "id": "60489d5f66d38601cbca22ef",
    "chatListId": "602bb4f419f078644abe930b"
  },
  {
    "send_time": "03:50 pm",
    "send_date": "2021-03-10T00:00:00.000Z",
    "send_date_format": "10/03/2021",
    "isSend": true,
    "send_msg": "hw do i add him then",
    "msg_readed": true,
    "uuid": "ac0fde27-791d-46ae-a549-d97d0c38dd84",
    "time_order": 1615371623173,
    "isCreate": "2021-03-10T10:20:23.173Z",
    "id": "60489d6766d38601cbca22f0",
    "chatListId": "602bb4f419f078644abe930d"
  },
  {
    "send_time": "03:50 pm",
    "send_date": "2021-03-10T00:00:00.000Z",
    "send_date_format": "10/03/2021",
    "isSend": false,
    "send_msg": "hw do i add him then",
    "msg_readed": true,
    "uuid": "c349e518-e941-48e3-b850-14cffda85e3f",
    "time_order": 1615371623177,
    "isCreate": "2021-03-10T10:20:23.177Z",
    "id": "60489d6766d38601cbca22f1",
    "chatListId": "602bb4f419f078644abe930b"
  },
  {
    "send_time": "03:50 pm",
    "send_date": "2021-03-10T00:00:00.000Z",
    "send_date_format": "10/03/2021",
    "isSend": true,
    "send_msg": "It ain't working ",
    "msg_readed": true,
    "uuid": "ee10f26c-45e4-4a5e-9bd9-ee3b6135b149",
    "time_order": 1615371636762,
    "isCreate": "2021-03-10T10:20:36.762Z",
    "id": "60489d7466d38601cbca22f2",
    "chatListId": "602bb4f419f078644abe930b"
  },
  {
    "send_time": "03:50 pm",
    "send_date": "2021-03-10T00:00:00.000Z",
    "send_date_format": "10/03/2021",
    "isSend": false,
    "send_msg": "It ain't working ",
    "msg_readed": true,
    "uuid": "f6a545d4-66fe-4733-98a5-db54cfadfc6e",
    "time_order": 1615371636765,
    "isCreate": "2021-03-10T10:20:36.765Z",
    "id": "60489d7466d38601cbca22f3",
    "chatListId": "602bb4f419f078644abe930d"
  },
  {
    "send_time": "03:50 pm",
    "send_date": "2021-03-10T00:00:00.000Z",
    "send_date_format": "10/03/2021",
    "isSend": true,
    "send_msg": "😕😐",
    "msg_readed": true,
    "uuid": "c51f2f86-567d-48f8-9acf-1da326bf566b",
    "time_order": 1615371641011,
    "isCreate": "2021-03-10T10:20:41.011Z",
    "id": "60489d7966d38601cbca22f4",
    "chatListId": "602bb4f419f078644abe930b"
  },
  {
    "send_time": "03:50 pm",
    "send_date": "2021-03-10T00:00:00.000Z",
    "send_date_format": "10/03/2021",
    "isSend": false,
    "send_msg": "😕😐",
    "msg_readed": true,
    "uuid": "eab15140-ce7d-4b4f-8e4c-6450b9f6d781",
    "time_order": 1615371641014,
    "isCreate": "2021-03-10T10:20:41.014Z",
    "id": "60489d7966d38601cbca22f5",
    "chatListId": "602bb4f419f078644abe930d"
  },
  {
    "send_time": "03:51 pm",
    "send_date": "2021-03-10T00:00:00.000Z",
    "send_date_format": "10/03/2021",
    "isSend": true,
    "send_msg": "ji",
    "msg_readed": true,
    "uuid": "8af84023-55ab-472b-91fb-aaf334c3b516",
    "time_order": 1615371672289,
    "isCreate": "2021-03-10T10:21:12.289Z",
    "id": "60489d9866d38601cbca22f8",
    "chatListId": "602bb7d819f078644abe931b"
  },
  {
    "send_time": "03:51 pm",
    "send_date": "2021-03-10T00:00:00.000Z",
    "send_date_format": "10/03/2021",
    "isSend": false,
    "send_msg": "ji",
    "msg_readed": true,
    "uuid": "d8105545-777b-464b-a5f6-77daee2febb2",
    "time_order": 1615371672291,
    "isCreate": "2021-03-10T10:21:12.291Z",
    "id": "60489d9866d38601cbca22f9",
    "chatListId": "602bb7d819f078644abe931a"
  },
  {
    "send_time": "08:46 am",
    "send_date": "2021-03-25T00:00:00.000Z",
    "send_date_format": "25/03/2021",
    "isSend": true,
    "send_msg": "tjekd",
    "msg_readed": false,
    "uuid": "1a559b13-b917-47b1-bd41-e721797aa81a",
    "time_order": 1616642185476,
    "isCreate": "2021-03-25T03:16:25.476Z",
    "id": "605c00892d78cd4cddb7bd10",
    "chatListId": "605c00892d78cd4cddb7bd0e"
  },
  {
    "send_time": "08:46 am",
    "send_date": "2021-03-25T00:00:00.000Z",
    "send_date_format": "25/03/2021",
    "isSend": false,
    "send_msg": "tjekd",
    "msg_readed": false,
    "uuid": "7d0dca43-19e0-4d06-887e-ef87c4939412",
    "time_order": 1616642185479,
    "isCreate": "2021-03-25T03:16:25.479Z",
    "id": "605c00892d78cd4cddb7bd11",
    "chatListId": "605c00892d78cd4cddb7bd0f"
  },
  {
    "send_time": "06:19 pm",
    "send_date": "2021-04-11T00:00:00.000Z",
    "send_date_format": "11/04/2021",
    "isSend": true,
    "send_msg": "hello",
    "msg_readed": true,
    "uuid": "86bba77a-1f2b-4121-a86d-400dc2b4e2cc",
    "time_order": 1618145351011,
    "isCreate": "2021-04-11T12:49:11.011Z",
    "id": "6072f047d5b371026e1b5f26",
    "chatListId": "602b817d19f078644abe92d2"
  },
  {
    "send_time": "06:19 pm",
    "send_date": "2021-04-11T00:00:00.000Z",
    "send_date_format": "11/04/2021",
    "isSend": false,
    "send_msg": "hello",
    "msg_readed": true,
    "uuid": "981c257b-2ba3-4123-baad-0f34796d90dc",
    "time_order": 1618145351015,
    "isCreate": "2021-04-11T12:49:11.015Z",
    "id": "6072f047d5b371026e1b5f27",
    "chatListId": "602b817d19f078644abe92d0"
  },
  {
    "send_time": "06:19 pm",
    "send_date": "2021-04-11T00:00:00.000Z",
    "send_date_format": "11/04/2021",
    "isSend": true,
    "send_msg": "hi",
    "msg_readed": true,
    "uuid": "6eb0f731-e211-4e04-8781-2077d1610b4b",
    "time_order": 1618145360366,
    "isCreate": "2021-04-11T12:49:20.367Z",
    "id": "6072f050d5b371026e1b5f2a",
    "chatListId": "602b817d19f078644abe92d0"
  },
  {
    "send_time": "06:19 pm",
    "send_date": "2021-04-11T00:00:00.000Z",
    "send_date_format": "11/04/2021",
    "isSend": false,
    "send_msg": "hi",
    "msg_readed": true,
    "uuid": "f64cec67-bcb0-48f5-af19-47f8237de49c",
    "time_order": 1618145360370,
    "isCreate": "2021-04-11T12:49:20.370Z",
    "id": "6072f050d5b371026e1b5f2b",
    "chatListId": "602b817d19f078644abe92d2"
  },
  {
    "send_time": "06:19 pm",
    "send_date": "2021-04-11T00:00:00.000Z",
    "send_date_format": "11/04/2021",
    "isSend": true,
    "send_msg": "date vekkam",
    "msg_readed": true,
    "uuid": "2a63eaff-8137-4a31-a48f-e22127bb64fc",
    "time_order": 1618145371359,
    "isCreate": "2021-04-11T12:49:31.359Z",
    "id": "6072f05bd5b371026e1b5f2c",
    "chatListId": "602b817d19f078644abe92d2"
  },
  {
    "send_time": "06:19 pm",
    "send_date": "2021-04-11T00:00:00.000Z",
    "send_date_format": "11/04/2021",
    "isSend": false,
    "send_msg": "date vekkam",
    "msg_readed": true,
    "uuid": "1d8fa379-500b-4e42-ac59-d6fe7343032c",
    "time_order": 1618145371363,
    "isCreate": "2021-04-11T12:49:31.363Z",
    "id": "6072f05bd5b371026e1b5f2d",
    "chatListId": "602b817d19f078644abe92d0"
  },
  {
    "send_time": "06:19 pm",
    "send_date": "2021-04-11T00:00:00.000Z",
    "send_date_format": "11/04/2021",
    "isSend": true,
    "send_msg": "no data bri",
    "msg_readed": true,
    "uuid": "0a9bd6bc-b797-4e0b-864a-5280e43a902f",
    "time_order": 1618145373200,
    "isCreate": "2021-04-11T12:49:33.200Z",
    "id": "6072f05dd5b371026e1b5f2e",
    "chatListId": "602b817d19f078644abe92d0"
  },
  {
    "send_time": "06:19 pm",
    "send_date": "2021-04-11T00:00:00.000Z",
    "send_date_format": "11/04/2021",
    "isSend": false,
    "send_msg": "no data bri",
    "msg_readed": true,
    "uuid": "1231a182-869a-4a7e-aaff-303fecb0a282",
    "time_order": 1618145373202,
    "isCreate": "2021-04-11T12:49:33.202Z",
    "id": "6072f05dd5b371026e1b5f2f",
    "chatListId": "602b817d19f078644abe92d2"
  },
  {
    "send_time": "06:19 pm",
    "send_date": "2021-04-11T00:00:00.000Z",
    "send_date_format": "11/04/2021",
    "isSend": true,
    "send_msg": "okk",
    "msg_readed": true,
    "uuid": "d64c27cc-420c-40bd-b349-92b0388b633e",
    "time_order": 1618145375705,
    "isCreate": "2021-04-11T12:49:35.705Z",
    "id": "6072f05fd5b371026e1b5f30",
    "chatListId": "602b817d19f078644abe92d0"
  },
  {
    "send_time": "06:19 pm",
    "send_date": "2021-04-11T00:00:00.000Z",
    "send_date_format": "11/04/2021",
    "isSend": false,
    "send_msg": "okk",
    "msg_readed": true,
    "uuid": "1edef2ee-d51e-400b-a9b3-94f4fabb46b3",
    "time_order": 1618145375708,
    "isCreate": "2021-04-11T12:49:35.708Z",
    "id": "6072f05fd5b371026e1b5f31",
    "chatListId": "602b817d19f078644abe92d2"
  },
  {
    "send_time": "06:19 pm",
    "send_date": "2021-04-11T00:00:00.000Z",
    "send_date_format": "11/04/2021",
    "isSend": true,
    "send_msg": "okay",
    "msg_readed": true,
    "uuid": "48a1642c-15d1-4159-9f79-56aceb35446f",
    "time_order": 1618145381052,
    "isCreate": "2021-04-11T12:49:41.052Z",
    "id": "6072f065d5b371026e1b5f32",
    "chatListId": "602b817d19f078644abe92d2"
  },
  {
    "send_time": "06:19 pm",
    "send_date": "2021-04-11T00:00:00.000Z",
    "send_date_format": "11/04/2021",
    "isSend": false,
    "send_msg": "okay",
    "msg_readed": true,
    "uuid": "09ded60a-5c48-44df-a0ca-0a6d1fdfbe6d",
    "time_order": 1618145381054,
    "isCreate": "2021-04-11T12:49:41.054Z",
    "id": "6072f065d5b371026e1b5f33",
    "chatListId": "602b817d19f078644abe92d0"
  },
  {
    "send_time": "06:20 pm",
    "send_date": "2021-04-11T00:00:00.000Z",
    "send_date_format": "11/04/2021",
    "isSend": true,
    "send_msg": "typing.... ee text kanikan new api veno?",
    "msg_readed": true,
    "uuid": "89bf5934-998c-469d-8c56-624d0ca4a2fc",
    "time_order": 1618145405846,
    "isCreate": "2021-04-11T12:50:05.846Z",
    "id": "6072f07dd5b371026e1b5f34",
    "chatListId": "602b817d19f078644abe92d0"
  },
  {
    "send_time": "06:20 pm",
    "send_date": "2021-04-11T00:00:00.000Z",
    "send_date_format": "11/04/2021",
    "isSend": false,
    "send_msg": "typing.... ee text kanikan new api veno?",
    "msg_readed": true,
    "uuid": "ecfad4fd-f30d-4c7a-a698-856382f96681",
    "time_order": 1618145405849,
    "isCreate": "2021-04-11T12:50:05.849Z",
    "id": "6072f07dd5b371026e1b5f35",
    "chatListId": "602b817d19f078644abe92d2"
  },
  {
    "send_time": "06:20 pm",
    "send_date": "2021-04-11T00:00:00.000Z",
    "send_date_format": "11/04/2021",
    "isSend": true,
    "send_msg": "socket venam",
    "msg_readed": false,
    "uuid": "746c65c1-9e9d-433f-ae9d-20566ab495d8",
    "time_order": 1618145459275,
    "isCreate": "2021-04-11T12:50:59.276Z",
    "id": "6072f0b3d5b371026e1b5f36",
    "chatListId": "602b817d19f078644abe92d2"
  },
  {
    "send_time": "06:20 pm",
    "send_date": "2021-04-11T00:00:00.000Z",
    "send_date_format": "11/04/2021",
    "isSend": false,
    "send_msg": "socket venam",
    "msg_readed": true,
    "uuid": "d840e9ac-2ce5-4475-9162-69d4d0de936c",
    "time_order": 1618145459279,
    "isCreate": "2021-04-11T12:50:59.279Z",
    "id": "6072f0b3d5b371026e1b5f37",
    "chatListId": "602b817d19f078644abe92d0"
  },
  {
    "send_time": "08:09 pm",
    "send_date": "2021-04-11T00:00:00.000Z",
    "send_date_format": "11/04/2021",
    "isSend": true,
    "send_msg": "hi",
    "msg_readed": true,
    "uuid": "93b274ef-df63-45ee-95c5-e6204ebe270d",
    "time_order": 1618151960484,
    "isCreate": "2021-04-11T14:39:20.484Z",
    "id": "60730a18d5b371026e1b5f38",
    "chatListId": "602b813e19f078644abe92cc"
  },
  {
    "send_time": "08:09 pm",
    "send_date": "2021-04-11T00:00:00.000Z",
    "send_date_format": "11/04/2021",
    "isSend": false,
    "send_msg": "hi",
    "msg_readed": true,
    "uuid": "6ea3bcb5-c6f2-4263-b9b2-f588c30d3bae",
    "time_order": 1618151960487,
    "isCreate": "2021-04-11T14:39:20.487Z",
    "id": "60730a18d5b371026e1b5f39",
    "chatListId": "602b813e19f078644abe92ce"
  },
  {
    "send_time": "08:13 pm",
    "send_date": "2021-04-11T00:00:00.000Z",
    "send_date_format": "11/04/2021",
    "isSend": true,
    "send_msg": "hi",
    "msg_readed": false,
    "uuid": "24a995ca-375f-4e72-9cb7-a34695c4fd3c",
    "time_order": 1618152227019,
    "isCreate": "2021-04-11T14:43:47.019Z",
    "id": "60730b23d5b371026e1b5f3a",
    "chatListId": "602b813e19f078644abe92ce"
  },
  {
    "send_time": "08:13 pm",
    "send_date": "2021-04-11T00:00:00.000Z",
    "send_date_format": "11/04/2021",
    "isSend": false,
    "send_msg": "hi",
    "msg_readed": true,
    "uuid": "fd04cd50-2472-4778-8763-bce65e0ab94c",
    "time_order": 1618152227022,
    "isCreate": "2021-04-11T14:43:47.022Z",
    "id": "60730b23d5b371026e1b5f3b",
    "chatListId": "602b813e19f078644abe92cc"
  },
  {
    "send_time": "08:11 pm",
    "send_date": "2021-04-15T00:00:00.000Z",
    "send_date_format": "15/04/2021",
    "isSend": true,
    "send_msg": "Hi",
    "msg_readed": false,
    "uuid": "01c20c08-8c41-4b92-bd7d-a557d45ec32a",
    "time_order": 1618497701293,
    "isCreate": "2021-04-15T14:41:41.294Z",
    "id": "607850a5ce14f20e28f9b7a4",
    "chatListId": "602bb7d819f078644abe931a"
  },
  {
    "send_time": "08:11 pm",
    "send_date": "2021-04-15T00:00:00.000Z",
    "send_date_format": "15/04/2021",
    "isSend": false,
    "send_msg": "Hi",
    "msg_readed": false,
    "uuid": "6ba8b501-876a-4f29-948c-318eb344ac45",
    "time_order": 1618497701298,
    "isCreate": "2021-04-15T14:41:41.298Z",
    "id": "607850a5ce14f20e28f9b7a5",
    "chatListId": "602bb7d819f078644abe931b"
  },
  {
    "send_time": "08:11 pm",
    "send_date": "2021-04-15T00:00:00.000Z",
    "send_date_format": "15/04/2021",
    "isSend": true,
    "send_msg": "Hi",
    "msg_readed": false,
    "uuid": "a59651f2-9e0b-4e5e-b3ee-4ca5a29ca53d",
    "time_order": 1618497710781,
    "isCreate": "2021-04-15T14:41:50.781Z",
    "id": "607850aece14f20e28f9b7a6",
    "chatListId": "602bb4f419f078644abe930b"
  },
  {
    "send_time": "08:11 pm",
    "send_date": "2021-04-15T00:00:00.000Z",
    "send_date_format": "15/04/2021",
    "isSend": false,
    "send_msg": "Hi",
    "msg_readed": false,
    "uuid": "e7918308-bcc3-438d-85f4-3175f6803a75",
    "time_order": 1618497710784,
    "isCreate": "2021-04-15T14:41:50.784Z",
    "id": "607850aece14f20e28f9b7a7",
    "chatListId": "602bb4f419f078644abe930d"
  }
]