[
  {
    "date": "2021-03-10T22:27:29.810Z",
    "dateTxt": "10-03-2021",
    "dateNo": 10,
    "month": 3,
    "year": 2021,
    "time": "10:27 pm",
    "status": "new",
    "command": "testCommant for teenache",
    "isCreate": "2021-03-10T16:57:29.811Z",
    "id": "6048fa79d6c510493e8112c1",
    "teenacheId": "6045072bec9db1758ef751a2",
    "customerId": "601d50e1d6d62639faea73ef"
  },
  {
    "date": "2021-03-10T22:40:59.019Z",
    "dateTxt": "10-03-2021",
    "dateNo": 10,
    "month": 3,
    "year": 2021,
    "time": "10:40 pm",
    "status": "new",
    "command": "hi",
    "isCreate": "2021-03-10T17:10:59.020Z",
    "id": "6048fda31de5fb49e0fcfe0d",
    "teenacheId": "6045075aec9db1758ef751a3",
    "customerId": "602a7f744877615c84fb7f57"
  },
  {
    "date": "2021-03-10T22:46:13.774Z",
    "dateTxt": "10-03-2021",
    "dateNo": 10,
    "month": 3,
    "year": 2021,
    "time": "10:46 pm",
    "status": "new",
    "command": "comment",
    "isCreate": "2021-03-10T17:16:13.774Z",
    "id": "6048fedd1de5fb49e0fcfe0f",
    "teenacheId": "6045075aec9db1758ef751a3",
    "customerId": "602a7f744877615c84fb7f57"
  },
  {
    "date": "2021-03-10T23:50:41.074Z",
    "dateTxt": "10-03-2021",
    "dateNo": 10,
    "month": 3,
    "year": 2021,
    "time": "11:50 pm",
    "status": "new",
    "command": "test",
    "isCreate": "2021-03-10T18:20:41.074Z",
    "id": "60490df92d78cd4cddb7bcf7",
    "teenacheId": "6045075aec9db1758ef751a3",
    "customerId": "602a7f744877615c84fb7f57"
  },
  {
    "date": "2021-03-11T00:00:53.217Z",
    "dateTxt": "11-03-2021",
    "dateNo": 11,
    "month": 3,
    "year": 2021,
    "time": "12:00 am",
    "status": "new",
    "command": "Tesr",
    "isCreate": "2021-03-10T18:30:53.217Z",
    "id": "6049105d2d78cd4cddb7bcf8",
    "teenacheId": "6045075aec9db1758ef751a3",
    "customerId": "601d50e1d6d62639faea73ef"
  },
  {
    "date": "2021-03-11T00:35:59.697Z",
    "dateTxt": "11-03-2021",
    "dateNo": 11,
    "month": 3,
    "year": 2021,
    "time": "12:35 am",
    "status": "new",
    "command": "Hiii",
    "isCreate": "2021-03-10T19:05:59.697Z",
    "id": "604918972d78cd4cddb7bcfa",
    "teenacheId": "6045075aec9db1758ef751a3",
    "customerId": "601d9485d6d62639faea7444"
  }
]