{
  "name": "Admin",
  "base": "User",
  "idInjection": true,
  "options": {
    "validateUpsert": true
  },
  "properties": {
    "email": {
      "type": "string"
    },
    "mobileNo": {
      "type": "string"
    },
    "isAdmin": {
      "type": "boolean",
      "default": false
    },
    "isCreate": {
      "type": "date",
      "default": "$now"
    }
  },
  "validations": [],
  "relations": {
    "accessTokens": {
      "type": "hasMany",
      "model": "AccessToken",
      "foreignKey": "userId",
      "options": {
        "disableInclude": true
      }
    }
  },
  "acls": [],
  "methods": {}
}