{
  "name": "Forum",
  "base": "PersistedModel",
  "idInjection": true,
  "options": {
    "validateUpsert": true
  },
  "properties": {
    "isForum": {
      "type": "boolean",
      "default": false
    },
    "isArticle": {
      "type": "boolean",
      "default": false
    },
    "isPrivate": {
      "type": "boolean",
      "default": false
    },
    "title": {
      "type": "string"
    },
    "subCategory": {
      "type": "string"
    },
    "contact": {
      "type": "string"
    },
    "fullDesc": {
      "type": "string"
    },
    "img": {
      "type": "object"
    },
    "isCreate": {
      "type": "date",
      "default": "$now"
    }
  },
  "validations": [],
  "relations": {
    "forumCategory": {
      "type": "belongsTo",
      "model": "ForumCategory",
      "foreignKey": ""
    },
    "likeAndDisLikes": {
      "type": "hasMany",
      "model": "LikeAndDisLike",
      "foreignKey": ""
    },
    "forumCommands": {
      "type": "hasMany",
      "model": "ForumCommand",
      "foreignKey": ""
    }
  },
  "acls": [],
  "methods": {}
}
