{
  "name": "FriendList",
  "base": "PersistedModel",
  "idInjection": true,
  "options": {
    "validateUpsert": true
  },
  "properties": {
    "isCreate": {
      "type": "date",
      "default": "$now"
    }
  },
  "validations": [],
  "relations": {
    "friendRequest": {
      "type": "belongsTo",
      "model": "FriendRequest",
      "foreignKey": ""
    },
    "customerChatList": {
      "type": "belongsTo",
      "model": "CustomerChatList",
      "foreignKey": ""
    },
    "customer": {
      "type": "belongsTo",
      "model": "Customer",
      "foreignKey": ""
    }
  },
  "acls": [],
  "methods": {}
}
